Bid Price,Bid Quantity,Ask Price,Ask Quantity
0.00265880,30.00000000,0.00265910,3.20000000
0.00265850,247.88000000,0.00265950,34.12000000
0.00265840,0.92000000,0.00265960,190.71000000
0.00265830,1.29000000,0.00265980,7.41000000
0.00265820,0.61000000,0.00265990,5.72000000
0.00265810,1.05000000,0.00266010,2.87000000
0.00265800,2.09000000,0.00266020,45.07000000
0.00265790,0.38000000,0.00266040,75.22000000
0.00265780,7.34000000,0.00266050,3.99000000
0.00265770,13.54000000,0.00266060,75.22000000
0.00265760,0.33000000,0.00266080,75.22000000
0.00265750,0.30000000,0.00266090,1.89000000
0.00265740,1.61000000,0.00266100,2.14000000
0.00265730,10.06000000,0.00266120,2.06000000
0.00265720,0.09000000,0.00266130,303.47000000
0.00265710,2.24000000,0.00266140,85.00000000
0.00265700,9.18000000,0.00266150,36.41000000
0.00265690,62.05000000,0.00266180,45.99000000
0.00265680,0.08000000,0.00266190,85.81000000
0.00265670,0.33000000,0.00266200,124.96000000
0.00265660,77.46000000,0.00266210,2.92000000
0.00265650,129.94000000,0.00266220,33.09000000
0.00265640,22.69000000,0.00266230,37.26000000
0.00265620,3.43000000,0.00266240,81.28000000
0.00265610,1.26000000,0.00266250,93.16000000
0.00265600,0.34000000,0.00266260,125.75000000
0.00265580,52.10000000,0.00266290,44.75000000
0.00265570,102.84000000,0.00266300,1.76000000
0.00265560,7.04000000,0.00266320,888.81000000
0.00265550,77.49000000,0.00266330,125.00000000
0.00265540,48.31000000,0.00266340,18.65000000
0.00265530,1.84000000,0.00266350,54.24000000
0.00265520,135.55000000,0.00266370,85.19000000
0.00265510,3.79000000,0.00266390,128.49000000
0.00265500,1.29000000,0.00266400,3.26000000
0.00265490,0.24000000,0.00266410,62.90000000
0.00265480,51.94000000,0.00266420,1.47000000
0.00265470,1.28000000,0.00266450,2.92000000
0.00265460,1.28000000,0.00266480,93.56000000
0.00265450,1.82000000,0.00266490,2.14000000
0.00265440,22.40000000,0.00266500,1.78000000
0.00265430,3.70000000,0.00266520,67.46000000
0.00265420,0.69000000,0.00266530,3.13000000
0.00265410,4.32000000,0.00266550,2.52000000
0.00265400,66.85000000,0.00266560,0.62000000
0.00265390,38.65000000,0.00266580,3.96000000
0.00265380,1.05000000,0.00266600,1.84000000
0.00265370,1.48000000,0.00266630,2.42000000
0.00265360,0.05000000,0.00266660,2.04000000
0.00265350,45.98000000,0.00266670,212.22000000
0.00265340,3.43000000,0.00266720,400.00000000
0.00265330,2.12000000,0.00266730,0.04000000
0.00265320,0.45000000,0.00266740,1.71000000
0.00265310,64.80000000,0.00266750,45.00000000
0.00265300,34.16000000,0.00266780,0.53000000
0.00265290,219.47000000,0.00266790,2.52000000
0.00265280,871.61000000,0.00266800,2.39000000
0.00265260,400.39000000,0.00266810,172.60000000
0.00265250,53.69000000,0.00266850,6.13000000
0.00265240,0.05000000,0.00266880,3.13000000
0.00265230,0.67000000,0.00266890,2.63000000
0.00265220,8.36000000,0.00266900,0.66000000
0.00265210,347.43000000,0.00266930,2.94000000
0.00265200,3.14000000,0.00266940,1.66000000
0.00265190,4.25000000,0.00266950,2.90000000
0.00265180,0.26000000,0.00266960,0.50000000
0.00265170,0.05000000,0.00266970,1.87000000
0.00265160,0.22000000,0.00267000,2.56000000
0.00265150,0.87000000,0.00267010,3.32000000
0.00265140,1.12000000,0.00267020,1.40000000
0.00265130,0.61000000,0.00267030,1.23000000
0.00265120,45.13000000,0.00267060,3.55000000
0.00265110,0.84000000,0.00267090,0.49000000
0.00265100,15.36000000,0.00267100,3.40000000
0.00265090,68.07000000,0.00267110,1.27000000
0.00265080,0.72000000,0.00267120,0.48000000
0.00265070,1.32000000,0.00267130,0.66000000
0.00265060,2.79000000,0.00267140,0.23000000
0.00265050,1.69000000,0.00267150,0.19000000
0.00265040,0.49000000,0.00267160,0.40000000
0.00265020,172.70000000,0.00267170,0.10000000
0.00265010,4.46000000,0.00267180,0.26000000
0.00265000,185.37000000,0.00267190,3.96000000
0.00264990,3.08000000,0.00267200,3.84000000
0.00264980,10.04000000,0.00267210,4.38000000
0.00264970,1.59000000,0.00267230,0.05000000
0.00264960,1.39000000,0.00267250,0.62000000
0.00264950,0.30000000,0.00267260,6.42000000
0.00264940,3.06000000,0.00267270,3.61000000
0.00264930,1.06000000,0.00267280,2.32000000
0.00264920,155.59000000,0.00267290,4.17000000
0.00264910,4.40000000,0.00267330,10.09000000
0.00264900,2.73000000,0.00267340,2101.82000000
0.00264890,55.83000000,0.00267350,0.62000000
0.00264880,14.71000000,0.00267360,0.20000000
0.00264870,3.86000000,0.00267370,0.34000000
0.00264860,3.33000000,0.00267380,0.25000000
0.00264850,4.06000000,0.00267390,12.32000000
0.00264840,1.30000000,0.00267400,7.47000000
0.00264830,0.72000000,0.00267410,6.13000000
0.00264820,0.22000000,0.00267420,0.17000000
0.00264810,4.14000000,0.00267430,0.92000000
0.00264800,61.52000000,0.00267440,0.05000000
0.00264790,4.81000000,0.00267450,1.62000000
0.00264780,4.43000000,0.00267460,2.96000000
0.00264770,68.10000000,0.00267470,1714.28000000
0.00264760,2.81000000,0.00267490,3.43000000
0.00264750,1.26000000,0.00267500,2.27000000
0.00264730,1.98000000,0.00267510,0.28000000
0.00264720,0.24000000,0.00267520,1.45000000
0.00264710,9.91000000,0.00267530,2.88000000
0.00264700,0.44000000,0.00267540,0.08000000
0.00264690,0.84000000,0.00267550,5.14000000
0.00264680,284.98000000,0.00267560,2.46000000
0.00264670,0.97000000,0.00267570,0.26000000
0.00264660,241.89000000,0.00267580,10.22000000
0.00264650,0.31000000,0.00267590,0.19000000
0.00264640,17.88000000,0.00267600,1.21000000
0.00264630,5.84000000,0.00267620,4.35000000
0.00264620,3.92000000,0.00267630,0.22000000
0.00264610,1722.08000000,0.00267640,4.81000000
0.00264600,13.22000000,0.00267650,3.74000000
0.00264590,39.16000000,0.00267670,0.34000000
0.00264580,0.39000000,0.00267680,2.11000000
0.00264570,11.67000000,0.00267690,2.56000000
0.00264560,12.27000000,0.00267700,2.71000000
0.00264550,2104.63000000,0.00267710,4.09000000
0.00264540,2.67000000,0.00267730,3.06000000
0.00264530,0.90000000,0.00267740,0.28000000
0.00264520,0.16000000,0.00267750,3.51000000
0.00264510,13.19000000,0.00267760,13.30000000
0.00264500,8.54000000,0.00267770,3.80000000
0.00264490,13.55000000,0.00267790,3.13000000
0.00264480,0.15000000,0.00267800,3.21000000
0.00264470,6.33000000,0.00267810,3.71000000
0.00264460,3.17000000,0.00267820,3.48000000
0.00264450,2.26000000,0.00267830,0.30000000
0.00264440,2.57000000,0.00267840,0.21000000
0.00264430,1.84000000,0.00267850,0.62000000
0.00264420,4.31000000,0.00267860,2.93000000
0.00264410,13.74000000,0.00267870,3.73000000
0.00264400,3.58000000,0.00267880,0.11000000
0.00264390,389.93000000,0.00267890,4.46000000
0.00264380,0.29000000,0.00267900,2.04000000
0.00264370,24.67000000,0.00267910,1.48000000
0.00264360,0.96000000,0.00267920,3.48000000
0.00264350,4.33000000,0.00267930,5.52000000
0.00264340,3.72000000,0.00267950,1.53000000
0.00264330,2.70000000,0.00267960,2.26000000
0.00264320,21.89000000,0.00267970,4.68000000
0.00264310,9.18000000,0.00267980,4.09000000
0.00264300,4.88000000,0.00267990,10.00000000
0.00264280,10.73000000,0.00268000,237.81000000
0.00264270,0.38000000,0.00268020,0.38000000
0.00264260,6.17000000,0.00268030,8.69000000
0.00264250,2.34000000,0.00268050,1.14000000
0.00264240,4.00000000,0.00268060,1.96000000
0.00264230,16.66000000,0.00268070,0.22000000
0.00264220,5.12000000,0.00268080,10.17000000
0.00264210,3.08000000,0.00268090,0.05000000
0.00264200,213.06000000,0.00268100,3.43000000
0.00264190,0.99000000,0.00268110,12.72000000
0.00264180,5.10000000,0.00268120,4.00000000
0.00264160,22.74000000,0.00268130,2.90000000
0.00264150,9.36000000,0.00268140,1.59000000
0.00264140,4.18000000,0.00268150,9.84000000
0.00264130,2.78000000,0.00268160,0.62000000
0.00264120,2.58000000,0.00268170,0.18000000
0.00264110,3.08000000,0.00268180,0.82000000
0.00264100,61.04000000,0.00268190,1.91000000
0.00264090,2.06000000,0.00268200,13.27000000
0.00264080,2.32000000,0.00268210,4.11000000
0.00264070,0.75000000,0.00268220,4.09000000
0.00264060,30.77000000,0.00268230,2.71000000
0.00264050,11.57000000,0.00268240,0.81000000
0.00264040,3.80000000,0.00268260,47.45000000
0.00264030,2.72000000,0.00268270,1.38000000
0.00264020,1.56000000,0.00268280,2.99000000
0.00264010,1.25000000,0.00268290,0.31000000
0.00264000,401.44000000,0.00268300,0.14000000
0.00263990,42.37000000,0.00268310,3.46000000
0.00263980,1.33000000,0.00268320,0.05000000
0.00263970,1.90000000,0.00268330,12.93000000
0.00263960,0.94000000,0.00268350,3.22000000
0.00263950,9.11000000,0.00268360,10.00000000
0.00263940,0.15000000,0.00268370,1.68000000
0.00263930,0.44000000,0.00268380,3.75000000
0.00263920,3.04000000,0.00268390,1.40000000
0.00263910,5.10000000,0.00268400,6.15000000
0.00263900,59.29000000,0.00268410,0.62000000
0.00263890,0.80000000,0.00268420,0.46000000
0.00263880,1.72000000,0.00268430,0.25000000
0.00263870,2.50000000,0.00268440,0.55000000
0.00263860,13.11000000,0.00268450,1.74000000
0.00263850,24.16000000,0.00268460,2.58000000
0.00263840,3.13000000,0.00268470,4.90000000
0.00263830,19.38000000,0.00268480,0.07000000
0.00263820,0.87000000,0.00268490,0.57000000
0.00263810,25.02000000,0.00268500,60.99000000
0.00263800,8.32000000,0.00268510,3.31000000
0.00263790,36.04000000,0.00268520,1.83000000
0.00263780,2.40000000,0.00268530,1.83000000
0.00263770,1.69000000,0.00268540,0.10000000
0.00263760,2.10000000,0.00268550,2.80000000
0.00263750,4.83000000,0.00268560,0.77000000
0.00263740,0.69000000,0.00268570,4.35000000
0.00263730,33.20000000,0.00268580,0.54000000
0.00263720,0.60000000,0.00268590,2.53000000
0.00263710,1.58000000,0.00268600,0.43000000
0.00263700,9.50000000,0.00268610,353.13000000
0.00263690,17.05000000,0.00268620,1.40000000
0.00263680,1.95000000,0.00268640,35.17000000
0.00263670,0.29000000,0.00268650,1.82000000
0.00263660,192.68000000,0.00268660,3.47000000
0.00263650,52.28000000,0.00268670,2.09000000
0.00263640,4.62000000,0.00268680,1.37000000
0.00263630,1090.67000000,0.00268690,42.90000000
0.00263620,1.40000000,0.00268700,0.61000000
0.00263610,6.00000000,0.00268710,3.53000000
0.00263600,11.22000000,0.00268720,0.84000000
0.00263590,1.11000000,0.00268730,281.63000000
0.00263580,4.31000000,0.00268740,0.22000000
0.00263570,5.34000000,0.00268750,7.81000000
0.00263560,43.54000000,0.00268760,0.90000000
0.00263550,1.17000000,0.00268770,0.29000000
0.00263540,132.80000000,0.00268780,10.07000000
0.00263530,42.80000000,0.00268800,1.67000000
0.00263520,293.17000000,0.00268820,3.29000000
0.00263510,1.34000000,0.00268830,2.96000000
0.00263500,52.65000000,0.00268840,0.17000000
0.00263490,6.52000000,0.00268850,106.57000000
0.00263480,6.88000000,0.00268860,40.79000000
0.00263470,4.62000000,0.00268880,45.87000000
0.00263460,2.00000000,0.00268890,3.69000000
0.00263450,3.80000000,0.00268900,3.31000000
0.00263440,2.66000000,0.00268910,0.10000000
0.00263430,1.41000000,0.00268920,0.80000000
0.00263420,2.34000000,0.00268930,1.17000000
0.00263410,7.87000000,0.00268940,11.38000000
0.00263400,136.81000000,0.00268950,1.51000000
0.00263390,2.18000000,0.00268960,0.89000000
0.00263380,1.58000000,0.00268970,4.52000000
0.00263370,2.65000000,0.00268980,0.82000000
0.00263360,0.21000000,0.00268990,4.46000000
0.00263350,5.57000000,0.00269000,551.62000000
0.00263340,3.46000000,0.00269010,4.60000000
0.00263330,12.44000000,0.00269020,0.63000000
0.00263320,9.08000000,0.00269030,0.08000000
0.00263310,8.43000000,0.00269040,0.68000000
0.00263300,44.00000000,0.00269050,16.27000000
0.00263290,8.39000000,0.00269060,2.94000000
0.00263280,2.84000000,0.00269070,0.59000000
0.00263270,21.48000000,0.00269080,0.97000000
0.00263260,51.48000000,0.00269090,0.86000000
0.00263250,104.82000000,0.00269100,517.11000000
0.00263240,11.70000000,0.00269110,4.51000000
0.00263230,0.53000000,0.00269120,0.21000000
0.00263220,333.60000000,0.00269130,3.26000000
0.00263210,10.21000000,0.00269140,4.65000000
0.00263200,2.74000000,0.00269150,3.82000000
0.00263190,3.22000000,0.00269160,2.56000000
0.00263180,40.85000000,0.00269170,5.78000000
0.00263170,1.65000000,0.00269180,11.50000000
0.00263160,13.50000000,0.00269190,34.22000000
0.00263150,4.06000000,0.00269200,7.49000000
0.00263140,1.94000000,0.00269210,42.59000000
0.00263130,5.60000000,0.00269220,2.64000000
0.00263120,11.11000000,0.00269230,15.30000000
0.00263110,0.26000000,0.00269240,207.60000000
0.00263100,41.47000000,0.00269250,4.90000000
0.00263090,6.02000000,0.00269260,12.56000000
0.00263080,13.99000000,0.00269270,50.22000000
0.00263070,1.69000000,0.00269280,10.18000000
0.00263060,1.18000000,0.00269290,5.78000000
0.00263050,0.51000000,0.00269300,5.17000000
0.00263040,14.44000000,0.00269310,0.05000000
0.00263030,40.48000000,0.00269320,23.38000000
0.00263020,1.60000000,0.00269330,10.47000000
0.00263010,14.70000000,0.00269350,0.05000000
0.00263000,35.68000000,0.00269360,10.21000000
0.00262990,9.27000000,0.00269370,4.24000000
0.00262980,0.12000000,0.00269380,7.51000000
0.00262970,878.49000000,0.00269390,5.48000000
0.00262960,2.95000000,0.00269400,8.20000000
0.00262950,6.16000000,0.00269410,2.76000000
0.00262940,0.99000000,0.00269420,9.85000000
0.00262930,0.86000000,0.00269430,1.25000000
0.00262920,6.97000000,0.00269440,0.14000000
0.00262910,6.20000000,0.00269450,4.11000000
0.00262900,2.96000000,0.00269460,9.34000000
0.00262890,2.00000000,0.00269470,6.57000000
0.00262880,4.08000000,0.00269480,6.48000000
0.00262870,1.12000000,0.00269490,0.33000000
0.00262860,0.10000000,0.00269500,99.15000000
0.00262850,1.79000000,0.00269510,0.91000000
0.00262840,8.33000000,0.00269520,6.49000000
0.00262830,17.99000000,0.00269530,9.31000000
0.00262820,0.07000000,0.00269540,0.56000000
0.00262810,0.08000000,0.00269550,4.72000000
0.00262800,32.61000000,0.00269560,17.10000000
0.00262790,3.93000000,0.00269570,0.08000000
0.00262780,6.38000000,0.00269590,22.46000000
0.00262770,2.78000000,0.00269600,6.78000000
0.00262760,1.77000000,0.00269610,4.55000000
0.00262750,3.65000000,0.00269620,6.68000000
0.00262740,0.32000000,0.00269630,5.79000000
0.00262730,19.85000000,0.00269640,8.29000000
0.00262720,3.24000000,0.00269650,7.87000000
0.00262710,0.58000000,0.00269660,11.68000000
0.00262700,1.42000000,0.00269670,8.58000000
0.00262690,1.73000000,0.00269680,15.53000000
0.00262680,4.13000000,0.00269690,4.85000000
0.00262670,1.49000000,0.00269700,12.38000000
0.00262660,109.91000000,0.00269720,5.43000000
0.00262650,105.69000000,0.00269740,2.90000000
0.00262640,3.02000000,0.00269750,21.22000000
0.00262630,10.05000000,0.00269760,6.27000000
0.00262620,7.88000000,0.00269780,6.97000000
0.00262610,1.34000000,0.00269790,0.06000000
0.00262600,3.30000000,0.00269800,9.85000000
0.00262580,2.77000000,0.00269810,0.73000000
0.00262570,2.44000000,0.00269820,0.42000000
0.00262560,12.68000000,0.00269830,8.67000000
0.00262550,0.20000000,0.00269840,3.05000000
0.00262540,4.43000000,0.00269850,11.03000000
0.00262530,4.58000000,0.00269860,0.55000000
0.00262520,93.20000000,0.00269880,4.50000000
0.00262510,4.69000000,0.00269890,0.56000000
0.00262500,7.50000000,0.00269900,563.85000000
0.00262490,5.13000000,0.00269910,0.61000000
0.00262480,1.15000000,0.00269920,0.71000000
0.00262470,0.19000000,0.00269930,0.41000000
0.00262460,1.31000000,0.00269940,5.10000000
0.00262450,0.13000000,0.00269950,52.36000000
0.00262440,1.42000000,0.00269960,2.99000000
0.00262430,31.57000000,0.00269970,15.97000000
0.00262420,1.34000000,0.00269980,10.35000000
0.00262410,6.22000000,0.00269990,14.30000000
0.00262400,1.96000000,0.00270000,2889.82000000
0.00262390,3.93000000,0.00270010,105.80000000
0.00262380,0.69000000,0.00270020,3.84000000
0.00262370,0.18000000,0.00270030,2.71000000
0.00262360,294.00000000,0.00270040,1.65000000
0.00262350,6.71000000,0.00270050,4.58000000
0.00262340,5.70000000,0.00270060,4.45000000
0.00262330,1.20000000,0.00270070,0.39000000
0.00262320,0.08000000,0.00270090,22.03000000
0.00262310,5.72000000,0.00270100,7.76000000
0.00262300,6.01000000,0.00270110,4.73000000
0.00262290,4.30000000,0.00270120,2.55000000
0.00262280,0.23000000,0.00270130,1.19000000
0.00262270,2.10000000,0.00270140,24.15000000
0.00262260,6.06000000,0.00270150,11.38000000
0.00262250,3.42000000,0.00270170,3.23000000
0.00262240,0.73000000,0.00270180,5.10000000
0.00262230,6.92000000,0.00270190,5.61000000
0.00262220,4.54000000,0.00270200,32.31000000
0.00262210,0.53000000,0.00270210,1.12000000
0.00262200,32.69000000,0.00270220,2.45000000
0.00262190,11.17000000,0.00270230,10.82000000
0.00262180,2.22000000,0.00270240,128.36000000
0.00262170,4.68000000,0.00270250,11.71000000
0.00262160,1.84000000,0.00270260,5.73000000
0.00262150,3.32000000,0.00270270,2.62000000
0.00262140,2.66000000,0.00270280,7.05000000
0.00262130,0.51000000,0.00270290,4.18000000
0.00262120,9.75000000,0.00270300,5.67000000
0.00262110,29.65000000,0.00270310,5.90000000
0.00262100,16.07000000,0.00270320,3.85000000
0.00262090,1.66000000,0.00270330,0.48000000
0.00262080,1.20000000,0.00270340,1.87000000
0.00262070,1.22000000,0.00270350,2.49000000
0.00262060,5.70000000,0.00270360,1.68000000
0.00262050,5.45000000,0.00270370,2.66000000
0.00262040,698.36000000,0.00270380,0.19000000
0.00262030,0.05000000,0.00270390,0.80000000
0.00262020,3.33000000,0.00270400,2.92000000
0.00262010,4.30000000,0.00270410,3.90000000
0.00262000,184.73000000,0.00270420,1.91000000
0.00261990,1.03000000,0.00270430,4.21000000
0.00261980,0.09000000,0.00270440,10.86000000
0.00261970,0.34000000,0.00270450,1.73000000
0.00261960,3.20000000,0.00270460,3.94000000
0.00261950,8.14000000,0.00270470,0.04000000
0.00261940,0.33000000,0.00270480,6.68000000
0.00261930,1.96000000,0.00270490,0.89000000
0.00261910,0.81000000,0.00270500,19.03000000
0.00261900,3.14000000,0.00270510,12.16000000
0.00261890,2.58000000,0.00270520,1.61000000
0.00261880,3.38000000,0.00270530,1.10000000
0.00261870,2.81000000,0.00270540,1.22000000
0.00261850,49.05000000,0.00270550,3.90000000
0.00261840,1.24000000,0.00270560,0.17000000
0.00261830,3.46000000,0.00270570,2.12000000
0.00261820,12.24000000,0.00270580,1.44000000
0.00261810,2.99000000,0.00270590,42.07000000
0.00261800,2.99000000,0.00270600,10.77000000
0.00261790,1.30000000,0.00270610,3.60000000
0.00261780,7.16000000,0.00270620,14.34000000
0.00261770,1.49000000,0.00270630,1.20000000
0.00261760,0.09000000,0.00270640,0.39000000
0.00261750,3.68000000,0.00270650,12.23000000
0.00261740,2.36000000,0.00270660,5.82000000
0.00261730,5.18000000,0.00270670,2.48000000
0.00261720,1.08000000,0.00270680,1.52000000
0.00261710,405.25000000,0.00270690,1.64000000
0.00261700,0.81000000,0.00270700,1.17000000
0.00261690,1.56000000,0.00270710,1.15000000
0.00261680,1.37000000,0.00270720,1.87000000
0.00261670,0.25000000,0.00270730,0.10000000
0.00261660,6.79000000,0.00270740,6.35000000
0.00261650,268.97000000,0.00270750,43.35000000
0.00261620,0.26000000,0.00270760,4.81000000
0.00261610,411.93000000,0.00270770,14.75000000
0.00261600,2.99000000,0.00270780,4.20000000
0.00261580,3.29000000,0.00270790,2.81000000
0.00261570,3.40000000,0.00270800,0.38000000
0.00261560,0.55000000,0.00270810,10.16000000
0.00261550,0.75000000,0.00270820,0.79000000
0.00261540,4.24000000,0.00270830,1.11000000
0.00261530,0.44000000,0.00270840,0.59000000
0.00261520,13.30000000,0.00270850,6.80000000
0.00261510,2.27000000,0.00270860,3.49000000
0.00261500,4.00000000,0.00270870,19.22000000
0.00261480,0.77000000,0.00270880,13.40000000
0.00261470,0.13000000,0.00270890,0.54000000
0.00261460,0.68000000,0.00270900,4.39000000
0.00261450,1.00000000,0.00270920,0.96000000
0.00261440,1.89000000,0.00270930,11.02000000
0.00261430,0.28000000,0.00270940,1.30000000
0.00261420,350.59000000,0.00270950,3.00000000
0.00261410,1.24000000,0.00270960,40.19000000
0.00261400,4.56000000,0.00270970,0.45000000
0.00261390,10.21000000,0.00270980,0.27000000
0.00261380,2.39000000,0.00270990,0.96000000
0.00261370,0.63000000,0.00271000,619.45000000
0.00261350,4.04000000,0.00271010,35.43000000
0.00261340,0.17000000,0.00271030,53.10000000
0.00261330,4.11000000,0.00271040,0.08000000
0.00261320,23.42000000,0.00271050,107.32000000
0.00261310,3.60000000,0.00271060,0.67000000
0.00261300,5.92000000,0.00271070,3.70000000
0.00261290,0.61000000,0.00271080,0.15000000
0.00261280,2.47000000,0.00271090,2.00000000
0.00261270,10.58000000,0.00271100,279.19000000
0.00261260,13.99000000,0.00271110,6.68000000
0.00261250,0.09000000,0.00271120,1.03000000
0.00261240,8.64000000,0.00271140,4.28000000
0.00261230,0.26000000,0.00271150,0.10000000
0.00261220,0.41000000,0.00271160,0.13000000
0.00261210,287.34000000,0.00271180,0.23000000
0.00261200,9.08000000,0.00271190,14.47000000
0.00261190,3.82000000,0.00271200,15.24000000
0.00261180,1.83000000,0.00271210,104.08000000
0.00261170,0.08000000,0.00271220,20.53000000
0.00261150,4.12000000,0.00271230,244.32000000
0.00261140,0.68000000,0.00271240,5.71000000
0.00261130,0.05000000,0.00271270,0.14000000
0.00261120,0.44000000,0.00271280,0.05000000
0.00261110,5.83000000,0.00271290,3.80000000
0.00261100,15.22000000,0.00271300,3.83000000
0.00261090,7.61000000,0.00271310,3.39000000
0.00261080,0.05000000,0.00271320,1.34000000
0.00261070,5.51000000,0.00271330,1.86000000
0.00261060,2.63000000,0.00271340,1.20000000
0.00261050,1.76000000,0.00271350,1.00000000
0.00261040,26.99000000,0.00271360,2.75000000
0.00261030,6.79000000,0.00271370,20.72000000
0.00261020,5.15000000,0.00271380,1.45000000
0.00261010,97.02000000,0.00271390,0.36000000
0.00261000,317.39000000,0.00271400,4.08000000
0.00260990,0.96000000,0.00271420,2.79000000
0.00260980,2.70000000,0.00271430,4.04000000
0.00260970,3.15000000,0.00271440,7.81000000
0.00260960,6.90000000,0.00271450,417.60000000
0.00260950,1.28000000,0.00271460,0.74000000
0.00260940,2.70000000,0.00271490,3.24000000
0.00260930,0.24000000,0.00271500,172.08000000
0.00260920,2.15000000,0.00271520,6.13000000
0.00260910,0.09000000,0.00271530,0.18000000
0.00260900,0.97000000,0.00271540,2.37000000
0.00260890,15.63000000,0.00271550,1.82000000
0.00260880,31.38000000,0.00271560,9.88000000
0.00260870,1.34000000,0.00271570,0.43000000
0.00260860,6.40000000,0.00271580,1.13000000
0.00260850,3.44000000,0.00271600,9.36000000
0.00260840,51.38000000,0.00271610,1.60000000
0.00260830,8.55000000,0.00271620,0.25000000
0.00260820,0.44000000,0.00271630,0.21000000
0.00260810,419.11000000,0.00271650,1.00000000
0.00260800,0.97000000,0.00271660,4.89000000
0.00260790,4.01000000,0.00271670,1.07000000
0.00260780,1.56000000,0.00271680,9.40000000
0.00260770,0.18000000,0.00271700,7.99000000
0.00260760,3.04000000,0.00271710,29.00000000
0.00260750,0.23000000,0.00271720,0.60000000
0.00260740,0.07000000,0.00271730,8.32000000
0.00260730,1.80000000,0.00271740,1.60000000
0.00260720,5.58000000,0.00271750,30.15000000
0.00260710,4.38000000,0.00271760,2.95000000
0.00260700,5.18000000,0.00271770,0.25000000
0.00260690,15.08000000,0.00271780,0.88000000
0.00260680,0.20000000,0.00271790,0.53000000
0.00260670,0.99000000,0.00271800,2.82000000
0.00260660,2.08000000,0.00271810,8.99000000
0.00260650,81.29000000,0.00271820,0.18000000
0.00260640,10.56000000,0.00271830,545.21000000
0.00260630,1.86000000,0.00271840,1.05000000
0.00260620,6.63000000,0.00271850,104.23000000
0.00260610,2.06000000,0.00271860,0.52000000
0.00260600,0.44000000,0.00271870,7.18000000
0.00260590,1.40000000,0.00271880,8.07000000
0.00260580,0.72000000,0.00271890,1.81000000
0.00260570,0.61000000,0.00271900,55.55000000
0.00260560,27.19000000,0.00271910,0.12000000
0.00260550,2.32000000,0.00271920,0.11000000
0.00260540,11.90000000,0.00271930,1.70000000
0.00260530,1.12000000,0.00271940,11.33000000
0.00260520,4.17000000,0.00271950,13.12000000
0.00260510,0.69000000,0.00271960,19.33000000
0.00260500,8.64000000,0.00271970,4.01000000
0.00260490,0.28000000,0.00271980,1.30000000
0.00260480,150.67000000,0.00271990,0.59000000
0.00260470,4.25000000,0.00272000,63.96000000
0.00260460,1.00000000,0.00272010,2.01000000
0.00260450,0.41000000,0.00272020,0.60000000
0.00260430,6.48000000,0.00272030,2.60000000
0.00260420,9.96000000,0.00272040,0.58000000
0.00260410,1.00000000,0.00272050,5.68000000
0.00260400,2.00000000,0.00272060,14.17000000
0.00260390,3.51000000,0.00272070,60.32000000
0.00260380,0.07000000,0.00272080,1.15000000
0.00260370,3.54000000,0.00272090,1.44000000
0.00260360,0.94000000,0.00272100,4.56000000
0.00260350,19.88000000,0.00272110,1.79000000
0.00260340,5.21000000,0.00272120,6.29000000
0.00260330,60.48000000,0.00272130,0.54000000
0.00260320,0.86000000,0.00272140,385.59000000
0.00260310,14.60000000,0.00272150,0.31000000
0.00260300,1.70000000,0.00272160,35.54000000
0.00260290,1.41000000,0.00272170,0.57000000
0.00260280,3.85000000,0.00272180,2.59000000
0.00260270,1.36000000,0.00272190,1.58000000
0.00260260,1.10000000,0.00272200,5.02000000
0.00260250,5.49000000,0.00272210,5.42000000
0.00260230,0.88000000,0.00272220,1.06000000
0.00260220,0.43000000,0.00272230,13.78000000
0.00260200,104.19000000,0.00272240,0.28000000
0.00260190,1.63000000,0.00272250,2.67000000
0.00260180,629.00000000,0.00272260,0.36000000
0.00260170,2.22000000,0.00272270,0.91000000
0.00260150,0.31000000,0.00272280,0.10000000
0.00260140,0.08000000,0.00272290,291.71000000
0.00260130,2.39000000,0.00272300,17.96000000
0.00260120,15.06000000,0.00272310,1.01000000
0.00260110,0.44000000,0.00272320,3.48000000
0.00260100,47.78000000,0.00272330,0.32000000
0.00260090,1.48000000,0.00272340,3.09000000
0.00260080,42.49000000,0.00272350,0.07000000
0.00260070,1.22000000,0.00272360,2.12000000
0.00260060,289.64000000,0.00272370,0.40000000
0.00260050,1.35000000,0.00272380,4.48000000
0.00260040,96.36000000,0.00272390,105.00000000
0.00260030,3.93000000,0.00272400,1.44000000
0.00260020,17.95000000,0.00272410,1.01000000
0.00260010,6.55000000,0.00272420,2.87000000
0.00260000,256.11000000,0.00272430,1.77000000
0.00259990,4.77000000,0.00272440,13.75000000
0.00259980,0.08000000,0.00272450,2.69000000
0.00259970,13.64000000,0.00272460,51.22000000
0.00259960,7.21000000,0.00272470,1.26000000
0.00259950,1.00000000,0.00272480,0.07000000
0.00259940,1.02000000,0.00272490,0.64000000
0.00259930,2.18000000,0.00272500,101.24000000
0.00259920,6.89000000,0.00272510,3.80000000
0.00259910,2.15000000,0.00272520,8.36000000
0.00259900,23.22000000,0.00272540,1.24000000
0.00259890,9.24000000,0.00272550,3.05000000
0.00259880,0.51000000,0.00272560,2.40000000
0.00259870,0.14000000,0.00272570,1.05000000
0.00259860,7.48000000,0.00272590,3.70000000
0.00259850,2.86000000,0.00272600,18.90000000
0.00259840,2.38000000,0.00272610,8.58000000
0.00259830,50.74000000,0.00272620,3.88000000
0.00259820,0.94000000,0.00272630,0.17000000
0.00259810,3.88000000,0.00272640,0.21000000
0.00259800,2.09000000,0.00272650,1.29000000
0.00259790,2.69000000,0.00272660,1.30000000
0.00259780,3.14000000,0.00272670,3.32000000
0.00259770,0.34000000,0.00272680,31.30000000
0.00259760,0.38000000,0.00272690,0.54000000
0.00259750,1.84000000,0.00272700,7.59000000
0.00259730,0.17000000,0.00272710,5.02000000
0.00259720,0.80000000,0.00272720,0.58000000
0.00259710,2.15000000,0.00272740,1.23000000
0.00259700,0.85000000,0.00272750,1.15000000
0.00259690,1.27000000,0.00272760,45.11000000
0.00259680,50.69000000,0.00272770,0.26000000
0.00259670,0.85000000,0.00272780,1.34000000
0.00259660,9.42000000,0.00272790,1.44000000
0.00259650,58.39000000,0.00272800,0.98000000
0.00259640,4.77000000,0.00272810,6.19000000
0.00259630,12.02000000,0.00272820,2.00000000
0.00259620,2.85000000,0.00272830,0.52000000
0.00259610,2.72000000,0.00272840,1.00000000
0.00259600,3.87000000,0.00272850,191.72000000
0.00259590,0.43000000,0.00272860,3.40000000
0.00259580,12.00000000,0.00272870,0.15000000
0.00259570,2.70000000,0.00272880,6.64000000
0.00259560,3.55000000,0.00272890,2.11000000
0.00259550,3.90000000,0.00272900,1.44000000
0.00259540,1.27000000,0.00272910,0.74000000
0.00259530,1.74000000,0.00272920,1.63000000
0.00259520,3.04000000,0.00272930,0.22000000
0.00259510,2.15000000,0.00272940,3.38000000
0.00259500,6.99000000,0.00272950,2.28000000
0.00259490,0.80000000,0.00272960,1.38000000
0.00259480,11.78000000,0.00272980,1.65000000
0.00259470,16.78000000,0.00272990,0.96000000
0.00259460,1.67000000,0.00273000,131.18000000
0.00259450,2.21000000,0.00273010,0.47000000
0.00259440,4.10000000,0.00273020,1.88000000
0.00259430,11.28000000,0.00273030,3.21000000
0.00259420,0.92000000,0.00273040,1.20000000
0.00259410,0.69000000,0.00273050,2.96000000
0.00259400,0.93000000,0.00273060,0.82000000
0.00259390,4.14000000,0.00273070,2081.66000000
0.00259380,0.38000000,0.00273080,1.09000000
0.00259370,5.03000000,0.00273090,0.25000000
0.00259360,1.71000000,0.00273100,8.67000000
0.00259350,2.53000000,0.00273110,169.40000000
0.00259340,20.40000000,0.00273120,7.54000000
0.00259330,32.97000000,0.00273130,0.67000000
0.00259320,0.25000000,0.00273150,4.74000000
0.00259310,348.56000000,0.00273160,2.22000000
0.00259300,0.76000000,0.00273170,1.56000000
0.00259290,7.74000000,0.00273180,0.11000000
0.00259280,3.67000000,0.00273190,0.83000000
0.00259270,0.19000000,0.00273200,12.00000000
0.00259260,1.47000000,0.00273210,4.34000000
0.00259250,1.81000000,0.00273220,2.00000000
0.00259240,1.28000000,0.00273230,3.23000000
0.00259230,4.18000000,0.00273250,1.36000000
0.00259220,1.67000000,0.00273260,2.21000000
0.00259210,15.00000000,0.00273270,1.53000000
0.00259200,3.63000000,0.00273280,0.26000000
0.00259190,5.11000000,0.00273290,0.50000000
0.00259180,0.79000000,0.00273300,32.17000000
0.00259170,2.20000000,0.00273310,1.32000000
0.00259160,0.21000000,0.00273320,0.59000000
0.00259150,2.20000000,0.00273330,43.22000000
0.00259140,5.58000000,0.00273340,0.40000000
0.00259130,1.79000000,0.00273350,0.14000000
0.00259120,3.32000000,0.00273360,6.37000000
0.00259110,1.22000000,0.00273370,11.80000000
0.00259100,26.65000000,0.00273380,2.02000000
0.00259090,4.67000000,0.00273390,4.21000000
0.00259080,8.64000000,0.00273400,6.14000000
0.00259060,1.10000000,0.00273410,0.17000000
0.00259050,1.36000000,0.00273420,0.25000000
0.00259040,2.55000000,0.00273430,33.35000000
0.00259030,0.30000000,0.00273440,0.38000000
0.00259020,2.72000000,0.00273450,2.72000000
0.00259010,7.07000000,0.00273460,0.11000000
0.00259000,59.67000000,0.00273470,3.19000000
0.00258990,1.31000000,0.00273480,10.17000000
0.00258980,3.58000000,0.00273490,0.51000000
0.00258970,4.78000000,0.00273500,352.30000000
0.00258960,0.11000000,0.00273510,5.27000000
0.00258950,0.43000000,0.00273520,3.04000000
0.00258940,1.02000000,0.00273530,8.39000000
0.00258930,0.48000000,0.00273540,16.10000000
0.00258920,292.66000000,0.00273550,0.12000000
0.00258900,5.45000000,0.00273560,3.70000000
0.00258890,0.30000000,0.00273570,1.50000000
0.00258880,4.28000000,0.00273580,33.96000000
0.00258870,1.65000000,0.00273590,1.19000000
0.00258860,6.19000000,0.00273600,3.98000000
0.00258850,69.58000000,0.00273620,1.91000000
0.00258840,2.93000000,0.00273630,3.96000000
0.00258830,0.80000000,0.00273640,42.05000000
0.00258820,0.86000000,0.00273650,0.50000000
0.00258810,4.77000000,0.00273660,1.37000000
0.00258800,0.34000000,0.00273670,0.74000000
0.00258790,20.29000000,0.00273680,748.86000000
0.00258780,0.91000000,0.00273690,0.19000000
0.00258770,2.40000000,0.00273700,72.72000000
0.00258760,0.30000000,0.00273710,1.80000000
0.00258750,1.19000000,0.00273720,0.17000000
0.00258740,0.08000000,0.00273740,0.48000000
0.00258730,1.45000000,0.00273750,6.73000000
0.00258720,0.59000000,0.00273760,16.43000000
0.00258710,2.45000000,0.00273770,1.27000000
0.00258700,0.31000000,0.00273780,15.17000000
0.00258690,2.97000000,0.00273790,0.20000000
0.00258680,7.00000000,0.00273800,20.50000000
0.00258660,5.23000000,0.00273810,3.62000000
0.00258650,51.84000000,0.00273820,0.95000000
0.00258640,0.78000000,0.00273830,204.09000000
0.00258630,1.69000000,0.00273840,0.15000000
0.00258620,0.31000000,0.00273850,3.17000000
0.00258610,1.05000000,0.00273860,0.85000000
0.00258600,10.37000000,0.00273870,1.56000000
0.00258590,0.10000000,0.00273880,0.90000000
0.00258580,2.60000000,0.00273890,59.70000000
0.00258570,3.65000000,0.00273900,89.84000000
0.00258560,0.72000000,0.00273910,0.57000000
0.00258550,3.82000000,0.00273920,0.48000000
0.00258540,0.22000000,0.00273930,1.66000000
0.00258530,56.61000000,0.00273940,1.19000000
0.00258520,9.89000000,0.00273950,2.29000000
0.00258510,1.33000000,0.00273960,0.52000000
0.00258500,8.59000000,0.00273970,4.60000000
0.00258490,0.05000000,0.00273980,1.71000000
0.00258480,12.22000000,0.00274000,113.70000000
0.00258470,2.03000000,0.00274010,2.24000000
0.00258460,0.64000000,0.00274020,92.23000000
0.00258450,4.28000000,0.00274040,15.43000000
0.00258440,10.44000000,0.00274050,1.31000000
0.00258430,0.45000000,0.00274060,1.18000000
0.00258420,0.64000000,0.00274070,26.27000000
0.00258410,13.50000000,0.00274080,1.83000000
0.00258400,7.52000000,0.00274090,0.22000000
0.00258390,0.09000000,0.00274100,2.05000000
0.00258380,1.44000000,0.00274110,1.24000000
0.00258370,5.45000000,0.00274120,5.16000000
0.00258360,0.83000000,0.00274130,0.52000000
0.00258350,1.32000000,0.00274150,0.69000000
0.00258340,0.59000000,0.00274160,7.56000000
0.00258330,3.64000000,0.00274170,0.31000000
0.00258320,1.87000000,0.00274180,0.31000000
0.00258310,6.10000000,0.00274190,1.23000000
0.00258300,1.48000000,0.00274200,2.22000000
0.00258290,217.21000000,0.00274210,3.51000000
0.00258280,1.93000000,0.00274220,91.22000000
0.00258270,4.27000000,0.00274230,0.42000000
0.00258260,4.25000000,0.00274240,0.59000000
0.00258250,4.71000000,0.00274250,11.14000000
0.00258240,1.46000000,0.00274270,0.13000000
0.00258230,1.53000000,0.00274280,11.45000000
0.00258220,1.00000000,0.00274290,0.55000000
0.00258210,1.16000000,0.00274300,2.79000000
0.00258200,3.41000000,0.00274310,3.05000000
0.00258190,0.90000000,0.00274330,1.20000000
0.00258180,2.24000000,0.00274340,21.10000000
0.00258170,1.78000000,0.00274360,0.39000000
0.00258160,0.68000000,0.00274370,1.06000000
0.00258150,1.56000000,0.00274380,1.21000000
0.00258140,0.27000000,0.00274390,5.41000000
0.00258130,1.57000000,0.00274400,2.51000000
0.00258120,1.31000000,0.00274410,0.44000000
0.00258110,0.04000000,0.00274420,38.53000000
0.00258100,24.12000000,0.00274430,0.50000000
0.00258090,1.66000000,0.00274440,2.50000000
0.00258080,4.02000000,0.00274450,0.75000000
0.00258070,3.52000000,0.00274460,13.63000000
0.00258060,3.25000000,0.00274470,0.13000000
0.00258030,0.38000000,0.00274480,2.31000000
0.00258020,1000.30000000,0.00274490,20.51000000
0.00258010,0.84000000,0.00274500,345.26000000
0.00258000,147.56000000,0.00274510,10.16000000
0.00257980,0.89000000,0.00274520,1.85000000
0.00257970,1.24000000,0.00274530,3.84000000
0.00257960,11.97000000,0.00274540,179.43000000
0.00257950,0.28000000,0.00274550,10.96000000
0.00257940,5.88000000,0.00274560,2.42000000
0.00257930,0.15000000,0.00274570,0.08000000
0.00257920,1.13000000,0.00274580,218.60000000
0.00257910,0.06000000,0.00274590,3.01000000
0.00257900,6.44000000,0.00274600,8.33000000
0.00257890,0.59000000,0.00274610,49.43000000
0.00257880,0.58000000,0.00274620,0.04000000
0.00257870,2.35000000,0.00274630,0.49000000
0.00257860,5.90000000,0.00274640,12.14000000
0.00257850,3.83000000,0.00274650,0.39000000
0.00257840,0.37000000,0.00274660,4.39000000
0.00257830,0.31000000,0.00274670,17.46000000
0.00257820,2.90000000,0.00274680,0.19000000
0.00257810,0.15000000,0.00274690,296.16000000
0.00257800,0.46000000,0.00274700,30.05000000
0.00257790,291.55000000,0.00274710,1.00000000
0.00257780,0.07000000,0.00274720,1.41000000
0.00257770,30.03000000,0.00274730,0.10000000
0.00257760,0.83000000,0.00274740,5.69000000
0.00257750,9.77000000,0.00274760,0.19000000
0.00257740,2.81000000,0.00274770,3.30000000
0.00257730,1.68000000,0.00274780,27.31000000
0.00257720,14.35000000,0.00274790,1.21000000
0.00257710,4.15000000,0.00274800,3.88000000
0.00257700,6.20000000,0.00274810,1.45000000
0.00257690,0.95000000,0.00274820,0.12000000
0.00257680,4.79000000,0.00274830,0.87000000
0.00257670,0.95000000,0.00274840,1.62000000
0.00257660,1.24000000,0.00274850,39.99000000
0.00257650,4.80000000,0.00274860,5.83000000
0.00257630,19.88000000,0.00274870,0.86000000
0.00257620,2.67000000,0.00274880,1.89000000
0.00257610,10.79000000,0.00274890,3.14000000
0.00257600,61.44000000,0.00274900,310.08000000
0.00257590,6.71000000,0.00274910,0.46000000
0.00257580,0.48000000,0.00274920,0.77000000
0.00257570,1.14000000,0.00274930,0.20000000
0.00257560,0.15000000,0.00274940,20.40000000
0.00257550,1.72000000,0.00274970,5.74000000
0.00257540,11.94000000,0.00274980,4.37000000
0.00257520,4.41000000,0.00274990,2.30000000
0.00257510,0.55000000,0.00275000,1554.55000000
0.00257500,41.05000000,0.00275010,1.48000000
0.00257490,6.45000000,0.00275040,10.14000000
0.00257480,0.25000000,0.00275050,0.29000000
0.00257470,0.08000000,0.00275070,0.45000000
0.00257460,1.88000000,0.00275100,5.48000000
0.00257450,0.58000000,0.00275110,3.56000000
0.00257440,0.05000000,0.00275120,46.36000000
0.00257430,4.48000000,0.00275130,1.96000000
0.00257420,19.17000000,0.00275140,2.34000000
0.00257410,0.82000000,0.00275150,2.79000000
0.00257400,1.47000000,0.00275160,0.35000000
0.00257390,1.63000000,0.00275170,0.20000000
0.00257380,4.56000000,0.00275180,0.34000000
0.00257370,50.21000000,0.00275200,11.53000000
0.00257360,0.58000000,0.00275210,3.81000000
0.00257350,0.52000000,0.00275220,1.43000000
0.00257340,0.83000000,0.00275230,19.77000000
0.00257330,1.86000000,0.00275240,34.95000000
0.00257310,0.22000000,0.00275250,5.62000000
0.00257290,5.01000000,0.00275260,1.25000000
0.00257280,0.95000000,0.00275270,9.37000000
0.00257270,3.01000000,0.00275280,2.35000000
0.00257250,1.53000000,0.00275290,1.62000000
0.00257240,3.99000000,0.00275300,2.21000000
0.00257230,1.24000000,0.00275310,0.75000000
0.00257220,61.31000000,0.00275320,0.50000000
0.00257210,1.98000000,0.00275330,1.94000000
0.00257200,16.78000000,0.00275340,0.24000000
0.00257190,4.27000000,0.00275360,10.74000000
0.00257180,61.06000000,0.00275370,3.09000000
0.00257170,0.44000000,0.00275380,0.09000000
0.00257160,3.86000000,0.00275390,8.52000000
0.00257150,3.21000000,0.00275400,19.40000000
0.00257140,81.57000000,0.00275410,2.16000000
0.00257130,2.40000000,0.00275420,0.56000000
0.00257120,15.65000000,0.00275430,0.28000000
0.00257110,6.72000000,0.00275440,0.06000000
0.00257100,21.58000000,0.00275450,1.48000000
0.00257090,0.59000000,0.00275460,19.68000000
0.00257080,5.79000000,0.00275470,0.21000000
0.00257070,6.03000000,0.00275480,0.44000000
0.00257060,4.29000000,0.00275490,1.47000000
0.00257040,0.70000000,0.00275500,113.08000000
0.00257030,203.47000000,0.00275510,3.81000000
0.00257020,0.73000000,0.00275520,14.65000000
0.00257010,0.72000000,0.00275530,41.51000000
0.00257000,106.96000000,0.00275540,6.22000000
0.00256990,1.44000000,0.00275550,0.51000000
0.00256980,3.83000000,0.00275560,4.15000000
0.00256970,1.57000000,0.00275570,0.18000000
0.00256960,0.77000000,0.00275580,0.04000000
0.00256950,4.11000000,0.00275590,5.80000000
0.00256940,0.92000000,0.00275600,13.17000000
0.00256930,0.33000000,0.00275610,1.08000000
0.00256920,1.78000000,0.00275620,0.26000000
0.00256910,41.50000000,0.00275640,12.82000000
0.00256900,1.06000000,0.00275650,0.05000000
0.00256890,3.40000000,0.00275660,0.96000000
0.00256880,0.59000000,0.00275670,2.15000000
0.00256870,0.62000000,0.00275680,36.71000000
0.00256860,0.10000000,0.00275690,0.96000000
0.00256850,22.16000000,0.00275700,54.29000000
0.00256840,0.10000000,0.00275710,5.31000000
0.00256830,1.37000000,0.00275720,0.99000000
0.00256820,0.18000000,0.00275730,0.05000000
0.00256810,3.99000000,0.00275750,109.53000000
0.00256800,3.96000000,0.00275760,4.85000000
0.00256790,1.28000000,0.00275770,0.56000000
0.00256780,0.77000000,0.00275780,0.09000000
0.00256770,3.44000000,0.00275790,4.84000000
0.00256760,0.11000000,0.00275800,10.59000000
0.00256750,0.05000000,0.00275810,1.84000000
0.00256740,44.82000000,0.00275830,101.82000000
0.00256730,2.00000000,0.00275850,1.30000000
0.00256720,1.34000000,0.00275860,0.92000000
0.00256710,1.18000000,0.00275870,1.28000000
0.00256700,167.70000000,0.00275880,0.10000000
0.00256690,3.83000000,0.00275890,0.92000000
0.00256680,1.75000000,0.00275900,39.13000000
0.00256670,2.02000000,0.00275910,293.64000000
0.00256660,348.54000000,0.00275920,38.29000000
0.00256650,2.74000000,0.00275930,0.04000000
0.00256640,0.56000000,0.00275940,0.07000000
0.00256630,0.49000000,0.00275950,10.62000000
0.00256620,2.00000000,0.00275960,3.70000000
0.00256610,0.65000000,0.00275970,4.42000000
0.00256600,2.97000000,0.00275980,5.47000000
0.00256590,1.23000000,0.00275990,6.48000000
0.00256580,0.63000000,0.00276000,234.34000000
0.00256570,0.75000000,0.00276010,9.83000000
0.00256560,1.10000000,0.00276020,0.48000000
0.00256540,0.29000000,0.00276030,3.40000000
0.00256530,0.44000000,0.00276040,2.40000000
0.00256520,2.27000000,0.00276050,0.94000000
0.00256510,2.90000000,0.00276070,1.53000000
0.00256500,200.28000000,0.00276080,2.97000000
0.00256490,1.21000000,0.00276090,0.10000000
0.00256480,2.72000000,0.00276100,2.20000000
0.00256470,0.64000000,0.00276110,171.10000000
0.00256460,2.31000000,0.00276120,1.32000000
0.00256450,1.91000000,0.00276130,0.34000000
0.00256440,5.56000000,0.00276140,1.69000000
0.00256410,1.94000000,0.00276150,16.28000000
0.00256400,1.08000000,0.00276160,3.27000000
0.00256390,3.30000000,0.00276170,0.16000000
0.00256380,1.10000000,0.00276180,4.26000000
0.00256370,0.84000000,0.00276190,0.10000000
0.00256360,0.55000000,0.00276200,3.61000000
0.00256350,2.43000000,0.00276210,73.49000000
0.00256340,1.71000000,0.00276220,0.26000000
0.00256320,1.83000000,0.00276230,6.04000000
0.00256310,13.91000000,0.00276240,1.04000000
0.00256300,22.56000000,0.00276250,0.18000000
0.00256290,0.05000000,0.00276270,0.43000000
0.00256280,3.64000000,0.00276280,0.24000000
0.00256270,1.26000000,0.00276290,1.13000000
0.00256250,0.38000000,0.00276300,4.05000000
0.00256240,0.95000000,0.00276330,8.27000000
0.00256230,0.55000000,0.00276340,17.83000000
0.00256220,31.81000000,0.00276350,0.47000000
0.00256210,54.52000000,0.00276360,2.56000000
0.00256200,3.47000000,0.00276370,2.15000000
0.00256190,0.56000000,0.00276390,0.17000000
0.00256180,0.23000000,0.00276400,21.60000000
0.00256170,1.16000000,0.00276410,30.78000000
0.00256160,0.96000000,0.00276420,0.30000000
0.00256150,5.36000000,0.00276430,9.90000000
0.00256140,3.33000000,0.00276440,5.44000000
0.00256130,2.31000000,0.00276450,1.49000000
0.00256120,3.43000000,0.00276460,0.11000000
0.00256110,2.25000000,0.00276470,1.58000000
0.00256100,21.21000000,0.00276480,20.00000000
0.00256090,1.37000000,0.00276490,7.29000000
0.00256080,4.54000000,0.00276500,4.83000000
0.00256060,3.67000000,0.00276510,5.50000000
0.00256050,1.56000000,0.00276520,2.40000000
0.00256040,0.40000000,0.00276540,3.00000000
0.00256030,0.99000000,0.00276550,2.87000000
0.00256020,1.32000000,0.00276570,0.04000000
0.00256010,2.05000000,0.00276580,0.12000000
0.00256000,248.53000000,0.00276590,3.54000000
0.00255990,0.17000000,0.00276600,3.52000000
0.00255980,8.74000000,0.00276610,3.84000000
0.00255970,0.16000000,0.00276620,40.00000000
0.00255960,1.50000000,0.00276630,10.19000000
0.00255950,1.13000000,0.00276640,0.15000000
0.00255940,3.79000000,0.00276650,0.26000000
0.00255930,16.54000000,0.00276660,7.26000000
0.00255920,4.75000000,0.00276670,0.90000000
0.00255910,1.17000000,0.00276680,1.00000000
0.00255900,2.25000000,0.00276690,0.55000000
0.00255890,495.43000000,0.00276700,0.10000000
0.00255880,1.13000000,0.00276710,1.92000000
0.00255870,0.15000000,0.00276730,79.79000000
0.00255860,10.47000000,0.00276740,0.08000000
0.00255850,0.58000000,0.00276750,21.03000000
0.00255840,0.73000000,0.00276760,0.50000000
0.00255830,0.11000000,0.00276770,1.00000000
0.00255820,0.65000000,0.00276780,2.30000000
0.00255800,250.55000000,0.00276800,1.74000000
0.00255790,0.53000000,0.00276820,8.36000000
0.00255780,0.84000000,0.00276830,0.04000000
0.00255760,9.94000000,0.00276840,0.42000000
0.00255750,1.22000000,0.00276850,0.44000000
0.00255740,0.10000000,0.00276860,1.04000000
0.00255730,0.53000000,0.00276870,1.19000000
0.00255720,201.24000000,0.00276880,0.24000000
0.00255710,0.91000000,0.00276890,0.20000000
0.00255700,0.91000000,0.00276900,0.30000000
0.00255690,1.50000000,0.00276910,5.24000000
0.00255680,9.50000000,0.00276930,15.26000000
0.00255660,4.23000000,0.00276940,0.81000000
0.00255650,1.10000000,0.00276950,3.15000000
0.00255640,3.21000000,0.00276960,1.56000000
0.00255630,1.85000000,0.00276970,2.08000000
0.00255620,3.64000000,0.00276980,0.94000000
0.00255610,12.73000000,0.00276990,5.04000000
0.00255600,1.86000000,0.00277000,573.85000000
0.00255590,0.22000000,0.00277020,0.08000000
0.00255580,1.09000000,0.00277030,0.54000000
0.00255570,0.77000000,0.00277040,0.77000000
0.00255560,2.62000000,0.00277050,0.20000000
0.00255550,4.14000000,0.00277060,0.39000000
0.00255540,0.74000000,0.00277070,0.22000000
0.00255530,296.56000000,0.00277080,0.34000000
0.00255520,0.19000000,0.00277090,0.63000000
0.00255510,1.51000000,0.00277100,0.50000000
0.00255500,12.49000000,0.00277110,0.10000000
0.00255490,0.07000000,0.00277120,0.15000000
0.00255480,0.25000000,0.00277130,294.34000000
0.00255470,3.98000000,0.00277140,1.73000000
0.00255460,3.81000000,0.00277150,0.72000000
0.00255450,2.18000000,0.00277160,1.75000000
