Aggregate tradeId,Price,Quantity,First tradeId,Last tradeId,Timestamp,Was the buyer the maker?,Was the trade the best price match?
176343197,0.03288800,0.04200000,197109980,197109980,2020-10-12 07:45:48.991,True,True
176343198,0.03288800,0.04200000,197109981,197109981,2020-10-12 07:45:48.991,True,True
176343199,0.03288800,0.04200000,197109982,197109982,2020-10-12 07:45:48.991,True,True
176343200,0.03288800,0.04200000,197109983,197109983,2020-10-12 07:45:48.991,True,True
176343201,0.03288800,0.04200000,197109984,197109984,2020-10-12 07:45:48.992,True,True
176343202,0.03288800,0.04200000,197109985,197109985,2020-10-12 07:45:48.992,True,True
176343203,0.03288800,0.04200000,197109986,197109986,2020-10-12 07:45:48.992,True,True
176343204,0.03288800,0.02400000,197109987,197109987,2020-10-12 07:45:48.992,True,True
176343205,0.03288800,0.04200000,197109988,197109988,2020-10-12 07:45:48.992,True,True
176343206,0.03288800,0.04200000,197109989,197109989,2020-10-12 07:45:48.992,True,True
176343207,0.03288800,0.04200000,197109990,197109990,2020-10-12 07:45:48.992,True,True
176343208,0.03288800,0.04200000,197109991,197109991,2020-10-12 07:45:48.993,True,True
176343209,0.03288800,0.04200000,197109992,197109992,2020-10-12 07:45:48.993,True,True
176343210,0.03288800,0.04200000,197109993,197109993,2020-10-12 07:45:48.993,True,True
176343211,0.03288800,0.04200000,197109994,197109994,2020-10-12 07:45:48.993,True,True
176343212,0.03288800,0.04200000,197109995,197109995,2020-10-12 07:45:48.993,True,True
176343213,0.03288800,0.04200000,197109996,197109996,2020-10-12 07:45:48.993,True,True
176343214,0.03288800,0.04200000,197109997,197109997,2020-10-12 07:45:48.993,True,True
176343215,0.03288800,0.04200000,197109998,197109998,2020-10-12 07:45:48.994,True,True
176343216,0.03288800,0.04200000,197109999,197109999,2020-10-12 07:45:48.994,True,True
176343217,0.03288800,0.04200000,197110000,197110000,2020-10-12 07:45:48.995,True,True
176343218,0.03288800,0.04200000,197110001,197110001,2020-10-12 07:45:48.995,True,True
176343219,0.03288800,0.04200000,197110002,197110002,2020-10-12 07:45:48.996,True,True
176343220,0.03288800,0.04200000,197110003,197110003,2020-10-12 07:45:48.997,True,True
176343221,0.03288800,0.02300000,197110004,197110004,2020-10-12 07:45:49.009,True,True
176343222,0.03288700,0.01900000,197110005,197110005,2020-10-12 07:45:49.009,True,True
176343223,0.03288900,0.00400000,197110006,197110006,2020-10-12 07:45:49.988,True,True
176343224,0.03288700,0.72000000,197110007,197110007,2020-10-12 07:45:49.988,True,True
176343225,0.03288700,0.00400000,197110008,197110008,2020-10-12 07:45:49.998,True,True
176343226,0.03288900,1.57200000,197110009,197110009,2020-10-12 07:45:50.192,False,True
176343227,0.03289000,4.90100000,197110010,197110010,2020-10-12 07:45:52.080,False,True
176343228,0.03288800,0.26600000,197110011,197110013,2020-10-12 07:45:52.633,True,True
176343229,0.03289000,2.65300000,197110014,197110014,2020-10-12 07:45:55.130,False,True
176343230,0.03289000,3.23500000,197110015,197110018,2020-10-12 07:45:55.221,False,True
176343231,0.03288900,7.42000000,197110019,197110019,2020-10-12 07:45:56.165,False,True
176343232,0.03288900,4.69300000,197110020,197110020,2020-10-12 07:45:56.263,False,True
176343233,0.03288900,1.43000000,197110021,197110021,2020-10-12 07:45:56.471,False,True
176343234,0.03289000,0.20900000,197110022,197110022,2020-10-12 07:45:56.578,False,True
176343235,0.03289000,0.26800000,197110023,197110023,2020-10-12 07:45:56.697,False,True
176343236,0.03289000,0.98900000,197110024,197110024,2020-10-12 07:45:56.785,False,True
176343237,0.03289000,4.80200000,197110025,197110025,2020-10-12 07:45:56.897,False,True
176343238,0.03288900,0.03900000,197110026,197110026,2020-10-12 07:45:57.987,False,True
176343239,0.03288800,0.44000000,197110027,197110027,2020-10-12 07:45:58.480,False,True
176343240,0.03288800,0.10700000,197110028,197110028,2020-10-12 07:45:58.576,False,True
176343241,0.03288800,3.77000000,197110029,197110029,2020-10-12 07:45:59.444,False,True
176343242,0.03288800,1.15700000,197110030,197110030,2020-10-12 07:45:59.550,False,True
176343243,0.03288800,0.44000000,197110031,197110031,2020-10-12 07:45:59.977,False,True
176343244,0.03288800,0.17600000,197110032,197110032,2020-10-12 07:46:01.629,False,True
176343245,0.03288800,11.74900000,197110033,197110033,2020-10-12 07:46:01.890,False,True
176343246,0.03289000,15.32000000,197110034,197110034,2020-10-12 07:46:02.004,False,True
176343247,0.03289000,0.44100000,197110035,197110035,2020-10-12 07:46:02.096,False,True
176343248,0.03288900,0.20800000,197110036,197110036,2020-10-12 07:46:03.833,True,True
176343249,0.03288800,0.29500000,197110037,197110037,2020-10-12 07:46:03.833,True,True
176343250,0.03288900,12.04200000,197110038,197110038,2020-10-12 07:46:04.744,False,True
176343251,0.03288900,0.10900000,197110039,197110039,2020-10-12 07:46:04.845,False,True
176343252,0.03289000,2.46000000,197110040,197110040,2020-10-12 07:46:04.965,False,True
176343253,0.03289000,0.25400000,197110041,197110041,2020-10-12 07:46:05.070,False,True
176343254,0.03289000,12.05800000,197110042,197110042,2020-10-12 07:46:08.718,False,True
176343255,0.03289100,0.31800000,197110043,197110044,2020-10-12 07:46:08.794,False,True
176343256,0.03289100,3.02000000,197110045,197110045,2020-10-12 07:46:08.882,False,True
176343257,0.03289100,0.43800000,197110046,197110046,2020-10-12 07:46:09.418,False,True
176343258,0.03289100,1.70700000,197110047,197110047,2020-10-12 07:46:09.522,False,True
176343259,0.03289100,3.79700000,197110048,197110048,2020-10-12 07:46:09.638,False,True
176343260,0.03289100,2.14600000,197110049,197110049,2020-10-12 07:46:09.746,False,True
176343261,0.03289100,0.63600000,197110050,197110050,2020-10-12 07:46:12.266,False,True
176343262,0.03289200,0.04500000,197110051,197110051,2020-10-12 07:46:12.372,False,True
176343263,0.03289100,12.06100000,197110052,197110052,2020-10-12 07:46:12.480,False,True
176343264,0.03289100,1.34200000,197110053,197110053,2020-10-12 07:46:13.408,False,True
176343265,0.03289100,0.43800000,197110054,197110054,2020-10-12 07:46:19.026,False,True
176343266,0.03289100,3.03200000,197110055,197110055,2020-10-12 07:46:21.459,False,True
176343267,0.03289100,0.60000000,197110056,197110056,2020-10-12 07:46:22.528,False,True
176343268,0.03289100,0.43600000,197110057,197110057,2020-10-12 07:46:22.578,False,True
176343269,0.03289000,0.00400000,197110058,197110058,2020-10-12 07:46:23.862,True,True
176343270,0.03288900,0.17800000,197110059,197110059,2020-10-12 07:46:23.862,True,True
176343271,0.03288800,0.34700000,197110060,197110060,2020-10-12 07:46:23.862,True,True
176343272,0.03289000,0.71600000,197110061,197110061,2020-10-12 07:46:24.039,False,True
176343273,0.03288900,1.73700000,197110062,197110062,2020-10-12 07:46:25.613,False,True
176343274,0.03288900,5.31200000,197110063,197110063,2020-10-12 07:46:26.133,False,True
176343275,0.03289000,0.60000000,197110064,197110064,2020-10-12 07:46:26.276,False,True
176343276,0.03289500,8.74600000,197110065,197110065,2020-10-12 07:46:26.756,False,True
176343277,0.03289600,3.32500000,197110066,197110068,2020-10-12 07:46:26.973,False,True
176343278,0.03289600,2.43900000,197110069,197110069,2020-10-12 07:46:29.995,False,True
176343279,0.03290000,3.65300000,197110070,197110070,2020-10-12 07:46:29.995,False,True
176343280,0.03289900,2.43900000,197110071,197110071,2020-10-12 07:46:30.146,False,True
176343281,0.03289900,2.34700000,197110072,197110072,2020-10-12 07:46:30.246,False,True
176343282,0.03289900,1.90800000,197110073,197110073,2020-10-12 07:46:30.567,False,True
176343283,0.03289900,5.60300000,197110074,197110074,2020-10-12 07:46:30.572,False,True
176343284,0.03289700,0.15800000,197110075,197110075,2020-10-12 07:46:32.343,True,True
176343285,0.03289700,0.01600000,197110076,197110076,2020-10-12 07:46:33.894,True,True
176343286,0.03289500,0.27200000,197110077,197110077,2020-10-12 07:46:33.894,True,True
176343287,0.03289300,0.37600000,197110078,197110078,2020-10-12 07:46:33.894,True,True
176343288,0.03289900,2.88000000,197110079,197110079,2020-10-12 07:46:34.718,False,True
176343289,0.03290000,2.55200000,197110080,197110080,2020-10-12 07:46:34.801,False,True
176343290,0.03289900,0.71200000,197110081,197110081,2020-10-12 07:46:35.109,False,True
176343291,0.03289900,0.73000000,197110082,197110082,2020-10-12 07:46:35.217,False,True
176343292,0.03289900,0.65700000,197110083,197110083,2020-10-12 07:46:35.323,False,True
176343293,0.03289900,10.49200000,197110084,197110084,2020-10-12 07:46:35.967,False,True
176343294,0.03290000,6.94700000,197110085,197110085,2020-10-12 07:46:36.254,False,True
176343295,0.03289800,0.50000000,197110086,197110086,2020-10-12 07:46:36.540,True,True
176343296,0.03289900,0.03200000,197110087,197110087,2020-10-12 07:46:36.848,False,True
176343297,0.03289900,0.49800000,197110088,197110088,2020-10-12 07:46:37.449,False,True
176343298,0.03290000,0.01000000,197110089,197110089,2020-10-12 07:46:37.931,False,True
176343299,0.03290000,1.00000000,197110090,197110090,2020-10-12 07:46:39.550,False,True
176343300,0.03289900,2.45900000,197110091,197110091,2020-10-12 07:46:46.568,False,True
176343301,0.03290000,3.02500000,197110092,197110092,2020-10-12 07:46:47.201,False,True
176343302,0.03290000,15.08100000,197110093,197110093,2020-10-12 07:46:47.300,False,True
176343303,0.03290000,6.00000000,197110094,197110097,2020-10-12 07:46:47.633,False,True
176343304,0.03289800,0.00500000,197110098,197110098,2020-10-12 07:46:49.156,True,True
176343305,0.03290000,1.27000000,197110099,197110103,2020-10-12 07:46:50.589,False,True
176343306,0.03290000,0.29600000,197110104,197110104,2020-10-12 07:46:51.288,False,True
176343307,0.03290000,15.48700000,197110105,197110105,2020-10-12 07:46:54.191,False,True
176343308,0.03290000,0.15100000,197110106,197110106,2020-10-12 07:46:54.196,False,True
176343309,0.03290000,0.84800000,197110107,197110107,2020-10-12 07:46:54.201,False,True
176343310,0.03290000,0.15100000,197110108,197110108,2020-10-12 07:46:54.201,False,True
176343311,0.03290000,0.15100000,197110109,197110109,2020-10-12 07:46:54.203,False,True
176343312,0.03290000,15.57500000,197110110,197110110,2020-10-12 07:46:54.507,False,True
176343313,0.03290000,2.95400000,197110111,197110111,2020-10-12 07:46:54.609,False,True
176343314,0.03289900,0.03100000,197110112,197110112,2020-10-12 07:46:55.057,True,True
176343315,0.03290000,0.12900000,197110113,197110113,2020-10-12 07:46:57.003,False,True
176343316,0.03290000,0.84800000,197110114,197110114,2020-10-12 07:46:58.165,False,True
176343317,0.03290000,0.73500000,197110115,197110115,2020-10-12 07:46:58.398,False,True
176343318,0.03290000,0.15100000,197110116,197110116,2020-10-12 07:47:01.511,False,True
176343319,0.03290000,0.37200000,197110117,197110117,2020-10-12 07:47:01.521,False,True
176343320,0.03290000,1.30900000,197110118,197110119,2020-10-12 07:47:03.970,False,True
176343321,0.03290100,0.15200000,197110120,197110122,2020-10-12 07:47:03.970,False,True
176343322,0.03290200,0.00700000,197110123,197110123,2020-10-12 07:47:03.970,False,True
176343323,0.03290300,0.02000000,197110124,197110124,2020-10-12 07:47:03.970,False,True
176343324,0.03290300,13.93900000,197110125,197110129,2020-10-12 07:47:04.514,False,True
176343325,0.03290300,0.91100000,197110130,197110130,2020-10-12 07:47:04.622,False,True
176343326,0.03290200,0.00400000,197110131,197110131,2020-10-12 07:47:04.836,True,True
176343327,0.03290200,0.00400000,197110132,197110132,2020-10-12 07:47:05.127,True,True
176343328,0.03289900,0.10800000,197110133,197110133,2020-10-12 07:47:08.038,False,True
176343329,0.03290300,3.62100000,197110134,197110136,2020-10-12 07:47:16.985,False,True
176343330,0.03290400,0.47300000,197110137,197110138,2020-10-12 07:47:18.283,False,True
176343331,0.03290500,2.00000000,197110139,197110139,2020-10-12 07:47:19.669,False,True
176343332,0.03290500,0.79200000,197110140,197110141,2020-10-12 07:47:20.600,False,True
176343333,0.03290400,0.41000000,197110142,197110143,2020-10-12 07:47:20.943,True,True
176343334,0.03290600,0.23200000,197110144,197110145,2020-10-12 07:47:21.032,False,True
176343335,0.03290400,0.20000000,197110146,197110146,2020-10-12 07:47:21.186,True,True
176343336,0.03290500,0.02100000,197110147,197110147,2020-10-12 07:47:23.365,True,True
176343337,0.03290700,0.30800000,197110148,197110148,2020-10-12 07:47:23.985,False,True
176343338,0.03290600,2.00000000,197110149,197110149,2020-10-12 07:47:28.335,True,True
176343339,0.03290700,0.08500000,197110150,197110150,2020-10-12 07:47:29.725,False,True
176343340,0.03290700,2.11300000,197110151,197110152,2020-10-12 07:47:29.781,False,True
176343341,0.03290500,0.18500000,197110153,197110153,2020-10-12 07:47:30.335,True,True
176343342,0.03290400,2.56500000,197110154,197110154,2020-10-12 07:47:30.444,True,True
176343343,0.03290400,0.15600000,197110155,197110155,2020-10-12 07:47:31.559,True,True
176343344,0.03290300,0.21500000,197110156,197110156,2020-10-12 07:47:31.559,True,True
176343345,0.03290400,0.37300000,197110157,197110157,2020-10-12 07:47:32.112,True,True
176343346,0.03290400,0.22400000,197110158,197110158,2020-10-12 07:47:32.626,True,True
176343347,0.03290400,1.73700000,197110159,197110160,2020-10-12 07:47:32.733,True,True
176343348,0.03290500,0.05300000,197110161,197110161,2020-10-12 07:47:33.072,True,True
176343349,0.03290100,0.00400000,197110162,197110162,2020-10-12 07:47:33.559,True,True
176343350,0.03289800,0.36700000,197110163,197110163,2020-10-12 07:47:33.559,True,True
176343351,0.03290000,0.37100000,197110164,197110164,2020-10-12 07:47:34.559,True,True
176343352,0.03290500,2.55800000,197110165,197110165,2020-10-12 07:47:37.586,True,True
176343353,0.03290600,0.00400000,197110166,197110166,2020-10-12 07:47:37.678,False,True
176343354,0.03290600,1.99600000,197110167,197110167,2020-10-12 07:47:38.147,True,True
176343355,0.03290800,9.67400000,197110168,197110171,2020-10-12 07:47:38.453,False,True
176343356,0.03290300,0.12100000,197110172,197110172,2020-10-12 07:47:38.979,True,True
176343357,0.03290000,0.12100000,197110173,197110173,2020-10-12 07:47:39.294,True,True
176343358,0.03289900,3.84500000,197110174,197110174,2020-10-12 07:47:39.294,True,True
176343359,0.03290100,0.00400000,197110175,197110175,2020-10-12 07:47:40.654,False,True
176343360,0.03289900,2.51100000,197110176,197110176,2020-10-12 07:47:41.475,True,True
176343361,0.03290200,0.08600000,197110177,197110177,2020-10-12 07:47:42.297,False,True
176343362,0.03290200,0.03500000,197110178,197110178,2020-10-12 07:47:44.175,False,True
176343363,0.03290600,0.02900000,197110179,197110180,2020-10-12 07:47:49.707,False,True
176343364,0.03291000,0.08100000,197110181,197110182,2020-10-12 07:47:49.896,False,True
176343365,0.03290900,0.44700000,197110183,197110183,2020-10-12 07:47:53.779,False,True
176343366,0.03290700,2.00000000,197110184,197110184,2020-10-12 07:47:55.795,True,True
176343367,0.03290600,0.08200000,197110185,197110185,2020-10-12 07:47:58.036,False,True
176343368,0.03290500,0.08000000,197110186,197110186,2020-10-12 07:48:00.026,False,True
176343369,0.03290400,0.08000000,197110187,197110187,2020-10-12 07:48:00.340,True,True
176343370,0.03290200,0.18200000,197110188,197110188,2020-10-12 07:48:00.447,True,True
176343371,0.03290500,1.00000000,197110189,197110189,2020-10-12 07:48:05.769,True,True
176343372,0.03290500,2.00000000,197110190,197110190,2020-10-12 07:48:07.783,True,True
176343373,0.03290600,1.00000000,197110191,197110191,2020-10-12 07:48:07.905,True,True
176343374,0.03290200,2.00000000,197110192,197110192,2020-10-12 07:48:13.888,False,True
176343375,0.03290400,0.26400000,197110193,197110193,2020-10-12 07:48:19.920,True,True
176343376,0.03290400,0.17900000,197110194,197110194,2020-10-12 07:48:20.835,True,True
176343377,0.03290400,0.13300000,197110195,197110195,2020-10-12 07:48:21.046,True,True
176343378,0.03290400,0.02700000,197110196,197110196,2020-10-12 07:48:21.365,True,True
176343379,0.03290400,0.10500000,197110197,197110197,2020-10-12 07:48:21.465,True,True
176343380,0.03290400,0.18800000,197110198,197110198,2020-10-12 07:48:21.570,True,True
176343381,0.03290400,1.10400000,197110199,197110199,2020-10-12 07:48:22.525,True,True
176343382,0.03290400,0.75300000,197110200,197110200,2020-10-12 07:48:22.955,False,True
176343383,0.03290500,8.14300000,197110201,197110202,2020-10-12 07:48:22.955,False,True
176343384,0.03290300,0.23800000,197110203,197110203,2020-10-12 07:48:25.423,True,True
176343385,0.03290300,0.76200000,197110204,197110204,2020-10-12 07:48:25.514,True,True
176343386,0.03290400,0.08000000,197110205,197110205,2020-10-12 07:48:25.675,False,True
176343387,0.03290400,1.86900000,197110206,197110206,2020-10-12 07:48:25.729,True,True
176343388,0.03290500,0.20600000,197110207,197110207,2020-10-12 07:48:26.665,False,True
176343389,0.03290500,2.00000000,197110208,197110208,2020-10-12 07:48:31.686,False,True
176343390,0.03290300,1.00000000,197110209,197110209,2020-10-12 07:48:34.213,True,True
176343391,0.03290200,0.22100000,197110210,197110210,2020-10-12 07:48:37.685,False,True
176343392,0.03290200,0.68300000,197110211,197110211,2020-10-12 07:48:41.461,True,True
176343393,0.03290200,0.30400000,197110212,197110212,2020-10-12 07:48:42.060,True,True
176343394,0.03290200,3.17200000,197110213,197110215,2020-10-12 07:48:42.167,True,True
176343395,0.03290200,0.44900000,197110216,197110216,2020-10-12 07:48:43.236,True,True
176343396,0.03290300,0.68500000,197110217,197110218,2020-10-12 07:48:43.673,False,True
176343397,0.03290300,0.92200000,197110219,197110219,2020-10-12 07:48:43.773,True,True
176343398,0.03290300,0.39300000,197110220,197110220,2020-10-12 07:48:44.071,True,True
176343399,0.03290200,8.88600000,197110221,197110221,2020-10-12 07:48:47.458,True,True
176343400,0.03290600,1.48600000,197110222,197110223,2020-10-12 07:48:49.677,False,True
176343401,0.03290600,0.36700000,197110224,197110224,2020-10-12 07:48:54.564,True,True
176343402,0.03290400,0.08200000,197110225,197110225,2020-10-12 07:48:57.900,False,True
176343403,0.03290400,0.02500000,197110226,197110226,2020-10-12 07:49:01.592,False,True
176343404,0.03290300,0.02600000,197110227,197110227,2020-10-12 07:49:02.131,True,True
176343405,0.03290300,0.01800000,197110228,197110228,2020-10-12 07:49:03.497,True,True
176343406,0.03290400,1.30700000,197110229,197110229,2020-10-12 07:49:06.338,False,True
176343407,0.03290300,0.95600000,197110230,197110230,2020-10-12 07:49:09.507,True,True
176343408,0.03290200,0.14000000,197110231,197110231,2020-10-12 07:49:09.507,True,True
176343409,0.03290300,1.00000000,197110232,197110232,2020-10-12 07:49:13.097,True,True
176343410,0.03290100,0.54800000,197110233,197110234,2020-10-12 07:49:15.197,True,True
176343411,0.03290200,5.78900000,197110235,197110236,2020-10-12 07:49:16.140,False,True
176343412,0.03290200,0.27500000,197110237,197110237,2020-10-12 07:49:16.706,False,True
176343413,0.03290200,0.01300000,197110238,197110238,2020-10-12 07:49:17.268,False,True
176343414,0.03290100,1.63100000,197110239,197110239,2020-10-12 07:49:18.934,True,True
176343415,0.03290100,0.03600000,197110240,197110240,2020-10-12 07:49:21.281,True,True
176343416,0.03290200,0.35400000,197110241,197110241,2020-10-12 07:49:22.293,False,True
176343417,0.03290200,5.78900000,197110242,197110242,2020-10-12 07:49:24.382,False,True
176343418,0.03290200,0.27500000,197110243,197110243,2020-10-12 07:49:24.945,False,True
176343419,0.03290200,0.01300000,197110244,197110244,2020-10-12 07:49:25.497,False,True
176343420,0.03290400,0.86800000,197110245,197110246,2020-10-12 07:49:32.638,False,True
176343421,0.03290500,2.47800000,197110247,197110247,2020-10-12 07:49:32.638,False,True
176343422,0.03290500,0.16000000,197110248,197110248,2020-10-12 07:49:33.195,False,True
176343423,0.03290500,0.00700000,197110249,197110249,2020-10-12 07:49:33.748,False,True
176343424,0.03290500,0.24800000,197110250,197110250,2020-10-12 07:49:35.259,False,True
176343425,0.03290200,0.42100000,197110251,197110251,2020-10-12 07:49:37.391,True,True
176343426,0.03290200,2.12500000,197110252,197110252,2020-10-12 07:49:37.583,True,True
176343427,0.03290200,1.64400000,197110253,197110265,2020-10-12 07:49:37.920,True,True
176343428,0.03290100,0.10800000,197110266,197110267,2020-10-12 07:49:39.089,True,True
176343429,0.03290100,0.02800000,197110268,197110268,2020-10-12 07:49:39.214,True,True
176343430,0.03290400,0.41900000,197110269,197110269,2020-10-12 07:49:39.725,False,True
176343431,0.03290400,0.00100000,197110270,197110270,2020-10-12 07:49:39.725,False,True
176343432,0.03290500,0.09600000,197110271,197110271,2020-10-12 07:49:39.725,False,True
176343433,0.03290500,0.42000000,197110272,197110272,2020-10-12 07:49:39.732,False,True
176343434,0.03290500,5.78800000,197110273,197110273,2020-10-12 07:49:40.867,False,True
176343435,0.03290500,0.27600000,197110274,197110274,2020-10-12 07:49:41.423,False,True
176343436,0.03290500,0.01300000,197110275,197110275,2020-10-12 07:49:41.998,False,True
176343437,0.03290500,0.06500000,197110276,197110276,2020-10-12 07:49:44.120,False,True
176343438,0.03290400,0.06700000,197110277,197110277,2020-10-12 07:49:52.866,False,True
176343439,0.03290200,2.79300000,197110278,197110281,2020-10-12 07:49:55.200,True,True
176343440,0.03290100,18.64800000,197110282,197110282,2020-10-12 07:49:55.200,True,True
176343441,0.03290100,0.67800000,197110283,197110283,2020-10-12 07:49:55.321,True,True
176343442,0.03290200,13.83000000,197110284,197110285,2020-10-12 07:50:02.000,False,True
176343443,0.03290200,4.71000000,197110286,197110286,2020-10-12 07:50:02.215,False,True
176343444,0.03290200,0.21200000,197110287,197110287,2020-10-12 07:50:09.984,False,True
176343445,0.03290100,1.00000000,197110288,197110288,2020-10-12 07:50:10.092,True,True
176343446,0.03290100,0.21200000,197110289,197110289,2020-10-12 07:50:10.488,False,True
176343447,0.03290100,0.08900000,197110290,197110290,2020-10-12 07:50:11.350,False,True
176343448,0.03290000,0.01500000,197110291,197110291,2020-10-12 07:50:13.330,True,True
176343449,0.03290000,0.01800000,197110292,197110292,2020-10-12 07:50:15.468,True,True
176343450,0.03290000,6.48700000,197110293,197110294,2020-10-12 07:50:19.059,True,True
176343451,0.03289800,0.03500000,197110295,197110295,2020-10-12 07:50:19.270,False,True
176343452,0.03290400,0.07300000,197110296,197110296,2020-10-12 07:50:21.388,False,True
176343453,0.03290500,1.29300000,197110297,197110298,2020-10-12 07:50:22.111,False,True
176343454,0.03290400,0.09800000,197110299,197110299,2020-10-12 07:50:22.212,True,True
176343455,0.03290200,1.12700000,197110300,197110300,2020-10-12 07:50:22.212,True,True
176343456,0.03290400,0.17700000,197110301,197110301,2020-10-12 07:50:22.362,False,True
176343457,0.03289900,0.92600000,197110302,197110302,2020-10-12 07:50:24.329,True,True
176343458,0.03290000,0.85900000,197110303,197110303,2020-10-12 07:50:24.525,True,True
176343459,0.03290000,0.89200000,197110304,197110304,2020-10-12 07:50:24.631,True,True
176343460,0.03290400,0.09000000,197110305,197110305,2020-10-12 07:50:27.133,False,True
176343461,0.03290300,0.09800000,197110306,197110306,2020-10-12 07:50:40.210,True,True
176343462,0.03290300,0.44500000,197110307,197110307,2020-10-12 07:50:40.317,True,True
176343463,0.03290400,24.03100000,197110308,197110309,2020-10-12 07:50:41.102,False,True
176343464,0.03290600,0.00600000,197110310,197110311,2020-10-12 07:50:43.299,False,True
176343465,0.03290700,0.08600000,197110312,197110312,2020-10-12 07:50:45.286,False,True
176343466,0.03290500,0.25400000,197110313,197110313,2020-10-12 07:50:49.261,True,True
176343467,0.03290400,0.15700000,197110314,197110314,2020-10-12 07:50:49.261,True,True
176343468,0.03290600,0.09500000,197110315,197110315,2020-10-12 07:50:49.938,False,True
176343469,0.03290400,0.05300000,197110316,197110316,2020-10-12 07:50:51.246,True,True
176343470,0.03290500,0.08200000,197110317,197110317,2020-10-12 07:50:56.230,True,True
176343471,0.03290500,0.08000000,197110318,197110318,2020-10-12 07:50:58.231,True,True
176343472,0.03290600,0.10300000,197110319,197110320,2020-10-12 07:50:58.583,False,True
176343473,0.03290500,0.01300000,197110321,197110321,2020-10-12 07:51:01.200,True,True
176343474,0.03290600,0.61000000,197110322,197110322,2020-10-12 07:51:01.359,False,True
176343475,0.03290600,0.60800000,197110323,197110323,2020-10-12 07:51:03.362,False,True
176343476,0.03290500,0.59500000,197110324,197110324,2020-10-12 07:51:03.580,True,True
176343477,0.03290200,0.01000000,197110325,197110325,2020-10-12 07:51:05.318,True,True
176343478,0.03290500,0.02300000,197110326,197110326,2020-10-12 07:51:06.489,False,True
176343479,0.03290200,0.01400000,197110327,197110327,2020-10-12 07:51:08.498,True,True
176343480,0.03290400,2.46100000,197110328,197110332,2020-10-12 07:51:08.862,False,True
176343481,0.03290400,0.00400000,197110333,197110333,2020-10-12 07:51:11.119,True,True
176343482,0.03290400,0.08000000,197110334,197110334,2020-10-12 07:51:15.471,True,True
176343483,0.03290400,0.15000000,197110335,197110335,2020-10-12 07:51:17.893,True,True
176343484,0.03290400,1.02600000,197110336,197110336,2020-10-12 07:51:22.108,True,True
176343485,0.03290400,0.84100000,197110337,197110337,2020-10-12 07:51:26.434,True,True
176343486,0.03290400,18.75000000,197110338,197110338,2020-10-12 07:51:26.488,True,True
176343487,0.03290400,5.41100000,197110339,197110339,2020-10-12 07:51:26.503,True,True
176343488,0.03290100,0.11000000,197110340,197110341,2020-10-12 07:51:26.695,True,True
176343489,0.03290000,0.18200000,197110342,197110342,2020-10-12 07:51:26.710,True,True
176343490,0.03290000,0.03500000,197110343,197110343,2020-10-12 07:51:26.712,True,True
176343491,0.03289900,0.16400000,197110344,197110344,2020-10-12 07:51:26.712,True,True
176343492,0.03289900,0.00700000,197110345,197110345,2020-10-12 07:51:26.716,True,True
176343493,0.03289900,0.01100000,197110346,197110346,2020-10-12 07:51:26.751,True,True
176343494,0.03289600,0.00400000,197110347,197110347,2020-10-12 07:51:26.751,True,True
176343495,0.03289400,1.41900000,197110348,197110348,2020-10-12 07:51:26.751,True,True
176343496,0.03289200,0.15200000,197110349,197110349,2020-10-12 07:51:26.764,True,True
176343497,0.03289100,0.15600000,197110350,197110351,2020-10-12 07:51:26.764,True,True
176343498,0.03289000,1.65200000,197110352,197110352,2020-10-12 07:51:26.764,True,True
176343499,0.03289000,0.30800000,197110353,197110353,2020-10-12 07:51:26.772,True,True
176343500,0.03289200,0.45200000,197110354,197110354,2020-10-12 07:51:28.049,True,True
176343501,0.03289200,0.30400000,197110355,197110355,2020-10-12 07:51:28.250,True,True
176343502,0.03289500,0.74900000,197110356,197110356,2020-10-12 07:51:28.671,False,True
176343503,0.03289500,0.84100000,197110357,197110357,2020-10-12 07:51:29.573,True,True
176343504,0.03289600,0.30500000,197110358,197110359,2020-10-12 07:51:30.767,False,True
176343505,0.03289600,0.20800000,197110360,197110360,2020-10-12 07:51:30.830,True,True
176343506,0.03289500,0.09400000,197110361,197110361,2020-10-12 07:51:30.830,True,True
176343507,0.03289700,0.30100000,197110362,197110362,2020-10-12 07:51:33.826,True,True
176343508,0.03289700,0.10000000,197110363,197110363,2020-10-12 07:51:34.318,True,True
176343509,0.03289800,0.35300000,197110364,197110364,2020-10-12 07:51:36.062,False,True
176343510,0.03289700,0.05100000,197110365,197110365,2020-10-12 07:51:38.816,True,True
176343511,0.03289700,0.54800000,197110366,197110366,2020-10-12 07:51:39.212,True,True
176343512,0.03289600,2.71200000,197110367,197110367,2020-10-12 07:51:39.212,True,True
176343513,0.03289600,1.24800000,197110368,197110368,2020-10-12 07:51:42.970,True,True
176343514,0.03289500,1.25200000,197110369,197110369,2020-10-12 07:51:42.970,True,True
176343515,0.03289200,0.18200000,197110370,197110370,2020-10-12 07:51:43.223,True,True
176343516,0.03289100,0.00400000,197110371,197110371,2020-10-12 07:51:43.223,True,True
176343517,0.03288700,5.12500000,197110372,197110373,2020-10-12 07:51:43.223,True,True
176343518,0.03289300,3.81400000,197110374,197110374,2020-10-12 07:51:45.012,True,True
176343519,0.03289400,0.01100000,197110375,197110375,2020-10-12 07:51:45.270,False,True
176343520,0.03289600,0.00400000,197110376,197110376,2020-10-12 07:51:45.270,False,True
176343521,0.03289800,0.13900000,197110377,197110377,2020-10-12 07:51:45.270,False,True
176343522,0.03289900,0.30800000,197110378,197110380,2020-10-12 07:51:45.270,False,True
176343523,0.03290000,0.44100000,197110381,197110381,2020-10-12 07:51:45.321,True,True
176343524,0.03289700,0.14100000,197110382,197110382,2020-10-12 07:51:46.763,False,True
176343525,0.03289800,0.14400000,197110383,197110383,2020-10-12 07:51:46.763,False,True
176343526,0.03290000,0.18200000,197110384,197110384,2020-10-12 07:51:46.763,False,True
176343527,0.03290100,0.00400000,197110385,197110385,2020-10-12 07:51:46.763,False,True
176343528,0.03290200,0.25300000,197110386,197110386,2020-10-12 07:51:46.763,False,True
176343529,0.03290300,0.62900000,197110387,197110387,2020-10-12 07:51:46.763,False,True
176343530,0.03290300,0.10600000,197110388,197110388,2020-10-12 07:51:46.769,False,True
176343531,0.03290000,0.10000000,197110389,197110389,2020-10-12 07:51:49.946,False,True
176343532,0.03290100,1.00000000,197110390,197110390,2020-10-12 07:52:00.425,False,True
176343533,0.03290100,0.03100000,197110391,197110391,2020-10-12 07:52:01.430,False,True
176343534,0.03290100,0.03000000,197110392,197110392,2020-10-12 07:52:03.426,False,True
176343535,0.03289900,0.16200000,197110393,197110395,2020-10-12 07:52:04.012,True,True
176343536,0.03289800,0.86400000,197110396,197110396,2020-10-12 07:52:04.012,True,True
176343537,0.03289800,0.58800000,197110397,197110397,2020-10-12 07:52:04.491,True,True
176343538,0.03290100,0.34300000,197110398,197110398,2020-10-12 07:52:08.179,True,True
176343539,0.03290000,0.42300000,197110399,197110399,2020-10-12 07:52:08.179,True,True
176343540,0.03289900,2.07900000,197110400,197110401,2020-10-12 07:52:14.723,True,True
176343541,0.03289900,1.18200000,197110402,197110403,2020-10-12 07:52:17.884,True,True
176343542,0.03289800,1.77900000,197110404,197110404,2020-10-12 07:52:17.991,True,True
176343543,0.03289700,0.01900000,197110405,197110405,2020-10-12 07:52:19.649,True,True
176343544,0.03289600,0.00400000,197110406,197110406,2020-10-12 07:52:19.649,True,True
176343545,0.03289400,0.20400000,197110407,197110407,2020-10-12 07:52:19.649,True,True
176343546,0.03289300,0.46300000,197110408,197110408,2020-10-12 07:52:19.649,True,True
176343547,0.03289300,1.01200000,197110409,197110409,2020-10-12 07:52:19.999,True,True
176343548,0.03289600,0.93600000,197110410,197110410,2020-10-12 07:52:20.313,False,True
176343549,0.03289600,2.72300000,197110411,197110411,2020-10-12 07:52:25.052,False,True
176343550,0.03289700,1.23300000,197110412,197110412,2020-10-12 07:52:25.166,False,True
176343551,0.03289700,0.93400000,197110413,197110413,2020-10-12 07:52:27.760,True,True
176343552,0.03289600,22.47100000,197110414,197110414,2020-10-12 07:52:31.453,True,True
176343553,0.03289800,0.47700000,197110415,197110416,2020-10-12 07:52:32.671,False,True
176343554,0.03289900,3.45300000,197110417,197110417,2020-10-12 07:52:32.759,False,True
176343555,0.03289700,0.25400000,197110418,197110418,2020-10-12 07:52:33.088,True,True
176343556,0.03289700,1.01500000,197110419,197110419,2020-10-12 07:52:36.092,True,True
176343557,0.03289500,1.21500000,197110420,197110420,2020-10-12 07:52:43.646,True,True
176343558,0.03289700,0.41000000,197110421,197110421,2020-10-12 07:52:47.357,False,True
176343559,0.03289900,0.59000000,197110422,197110422,2020-10-12 07:52:47.357,False,True
176343560,0.03289500,0.82800000,197110423,197110423,2020-10-12 07:52:52.345,True,True
176343561,0.03289400,4.68800000,197110424,197110424,2020-10-12 07:52:52.536,True,True
176343562,0.03289400,0.01800000,197110425,197110425,2020-10-12 07:52:52.732,True,True
176343563,0.03289500,0.44000000,197110426,197110426,2020-10-12 07:52:55.109,True,True
176343564,0.03289500,1.17000000,197110427,197110427,2020-10-12 07:52:55.334,True,True
176343565,0.03289500,0.39200000,197110428,197110428,2020-10-12 07:52:56.040,True,True
176343566,0.03289400,19.42400000,197110429,197110430,2020-10-12 07:53:00.065,True,True
176343567,0.03289300,0.01100000,197110431,197110431,2020-10-12 07:53:00.341,True,True
176343568,0.03289300,8.46400000,197110432,197110433,2020-10-12 07:53:01.765,True,True
176343569,0.03289200,0.01500000,197110434,197110434,2020-10-12 07:53:07.693,True,True
176343570,0.03289400,0.87500000,197110435,197110435,2020-10-12 07:53:07.808,False,True
176343571,0.03289200,0.01500000,197110436,197110436,2020-10-12 07:53:08.546,True,True
176343572,0.03289300,0.35800000,197110437,197110437,2020-10-12 07:53:08.921,False,True
176343573,0.03289400,1.34300000,197110438,197110438,2020-10-12 07:53:08.921,False,True
176343574,0.03289500,1.30800000,197110439,197110439,2020-10-12 07:53:08.921,False,True
176343575,0.03289100,0.58100000,197110440,197110441,2020-10-12 07:53:08.997,True,True
176343576,0.03289500,0.01900000,197110442,197110442,2020-10-12 07:53:10.278,False,True
176343577,0.03289000,0.13800000,197110443,197110443,2020-10-12 07:53:14.525,True,True
176343578,0.03288800,1.09000000,197110444,197110444,2020-10-12 07:53:14.525,True,True
176343579,0.03289100,2.16500000,197110445,197110445,2020-10-12 07:53:15.380,False,True
176343580,0.03289100,2.09600000,197110446,197110446,2020-10-12 07:53:17.811,False,True
176343581,0.03289200,0.06700000,197110447,197110447,2020-10-12 07:53:21.115,False,True
176343582,0.03289200,0.24400000,197110448,197110448,2020-10-12 07:53:24.082,False,True
176343583,0.03289100,0.47200000,197110449,197110449,2020-10-12 07:53:26.516,False,True
176343584,0.03289200,1.55400000,197110450,197110450,2020-10-12 07:53:26.897,False,True
176343585,0.03289200,13.04900000,197110451,197110451,2020-10-12 07:53:28.022,False,True
176343586,0.03288900,0.31000000,197110452,197110452,2020-10-12 07:53:33.430,True,True
176343587,0.03288900,0.45600000,197110453,197110453,2020-10-12 07:53:35.068,True,True
176343588,0.03288900,3.55700000,197110454,197110455,2020-10-12 07:53:35.174,True,True
176343589,0.03288900,0.66100000,197110456,197110456,2020-10-12 07:53:35.334,True,True
176343590,0.03288800,1.60100000,197110457,197110457,2020-10-12 07:53:35.488,True,True
176343591,0.03288800,6.75000000,197110458,197110458,2020-10-12 07:53:36.334,True,True
176343592,0.03289200,0.06400000,197110459,197110459,2020-10-12 07:53:45.678,False,True
176343593,0.03289200,0.14900000,197110460,197110460,2020-10-12 07:53:45.688,False,True
176343594,0.03289200,0.12300000,197110461,197110461,2020-10-12 07:53:45.688,False,True
176343595,0.03289200,0.01300000,197110462,197110462,2020-10-12 07:53:45.690,False,True
176343596,0.03289300,0.53500000,197110463,197110463,2020-10-12 07:53:45.690,False,True
176343597,0.03289300,0.05500000,197110464,197110464,2020-10-12 07:53:45.695,False,True
176343598,0.03289300,0.03900000,197110465,197110465,2020-10-12 07:53:45.875,False,True
176343599,0.03289200,0.29700000,197110466,197110466,2020-10-12 07:53:46.681,False,True
176343600,0.03289200,0.13300000,197110467,197110467,2020-10-12 07:53:46.999,False,True
176343601,0.03289200,0.24100000,197110468,197110468,2020-10-12 07:53:47.311,False,True
176343602,0.03289300,12.73100000,197110469,197110469,2020-10-12 07:53:47.835,False,True
176343603,0.03289300,0.06100000,197110470,197110470,2020-10-12 07:53:49.698,False,True
176343604,0.03289300,0.45900000,197110471,197110471,2020-10-12 07:53:49.875,False,True
176343605,0.03289200,0.08800000,197110472,197110472,2020-10-12 07:53:52.377,True,True
176343606,0.03289300,0.03100000,197110473,197110473,2020-10-12 07:53:55.658,False,True
176343607,0.03289300,0.66500000,197110474,197110474,2020-10-12 07:53:55.800,False,True
176343608,0.03289300,36.14400000,197110475,197110476,2020-10-12 07:54:00.260,False,True
176343609,0.03289400,1.95600000,197110477,197110477,2020-10-12 07:54:00.260,False,True
176343610,0.03289500,13.35800000,197110478,197110478,2020-10-12 07:54:00.260,False,True
176343611,0.03289600,0.00400000,197110479,197110479,2020-10-12 07:54:00.260,False,True
176343612,0.03289700,0.25000000,197110480,197110480,2020-10-12 07:54:00.260,False,True
176343613,0.03289900,7.50000000,197110481,197110481,2020-10-12 07:54:00.260,False,True
176343614,0.03290000,10.93800000,197110482,197110483,2020-10-12 07:54:00.260,False,True
176343615,0.03290000,6.31300000,197110484,197110484,2020-10-12 07:54:00.420,True,True
176343616,0.03290000,14.09400000,197110485,197110485,2020-10-12 07:54:00.536,True,True
176343617,0.03290000,15.13900000,197110486,197110486,2020-10-12 07:54:00.727,True,True
176343618,0.03290000,0.86400000,197110487,197110487,2020-10-12 07:54:00.826,True,True
176343619,0.03290000,0.02600000,197110488,197110488,2020-10-12 07:54:00.926,True,True
176343620,0.03290000,0.45900000,197110489,197110489,2020-10-12 07:54:00.945,True,True
176343621,0.03290000,7.27500000,197110490,197110490,2020-10-12 07:54:00.947,True,True
176343622,0.03290000,14.51000000,197110491,197110491,2020-10-12 07:54:01.048,True,True
176343623,0.03290000,1.82700000,197110492,197110493,2020-10-12 07:54:01.150,True,True
176343624,0.03289500,1.44300000,197110494,197110494,2020-10-12 07:54:01.265,False,True
176343625,0.03289400,0.18200000,197110495,197110495,2020-10-12 07:54:05.685,True,True
176343626,0.03289300,0.01600000,197110496,197110496,2020-10-12 07:54:12.061,True,True
176343627,0.03289300,0.51800000,197110497,197110497,2020-10-12 07:54:15.372,True,True
176343628,0.03289300,0.07400000,197110498,197110498,2020-10-12 07:54:22.305,True,True
176343629,0.03289500,0.17400000,197110499,197110499,2020-10-12 07:54:24.522,False,True
176343630,0.03289300,0.15600000,197110500,197110500,2020-10-12 07:54:27.136,True,True
176343631,0.03289100,0.00400000,197110501,197110501,2020-10-12 07:54:39.726,True,True
176343632,0.03288900,0.18600000,197110502,197110502,2020-10-12 07:54:39.726,True,True
176343633,0.03288800,1.33800000,197110503,197110503,2020-10-12 07:54:39.863,True,True
176343634,0.03288600,0.46000000,197110504,197110505,2020-10-12 07:54:39.966,True,True
176343635,0.03288600,0.54400000,197110506,197110506,2020-10-12 07:54:40.726,True,True
176343636,0.03288700,0.42100000,197110507,197110507,2020-10-12 07:54:40.733,False,True
176343637,0.03288500,1.32100000,197110508,197110508,2020-10-12 07:54:40.952,True,True
176343638,0.03288500,1.32100000,197110509,197110509,2020-10-12 07:54:40.964,True,True
176343639,0.03288500,11.15400000,197110510,197110510,2020-10-12 07:54:41.062,True,True
176343640,0.03288500,2.53400000,197110511,197110511,2020-10-12 07:54:41.164,True,True
176343641,0.03289000,6.17100000,197110512,197110513,2020-10-12 07:54:44.557,True,True
176343642,0.03289000,6.00000000,197110514,197110514,2020-10-12 07:54:44.658,True,True
176343643,0.03289000,2.79600000,197110515,197110515,2020-10-12 07:54:45.183,True,True
176343644,0.03289000,2.23600000,197110516,197110516,2020-10-12 07:54:45.509,True,True
176343645,0.03289000,0.23900000,197110517,197110517,2020-10-12 07:54:45.606,True,True
176343646,0.03289000,0.41400000,197110518,197110518,2020-10-12 07:54:45.714,True,True
176343647,0.03289000,0.46600000,197110519,197110519,2020-10-12 07:54:45.819,True,True
176343648,0.03288500,2.26200000,197110520,197110520,2020-10-12 07:54:45.926,True,True
176343649,0.03288500,0.02000000,197110521,197110521,2020-10-12 07:54:54.414,True,True
176343650,0.03288700,0.03900000,197110522,197110522,2020-10-12 07:54:54.817,False,True
176343651,0.03288900,0.58600000,197110523,197110523,2020-10-12 07:54:55.132,False,True
176343652,0.03288900,0.02600000,197110524,197110524,2020-10-12 07:55:04.426,False,True
176343653,0.03288900,0.82500000,197110525,197110525,2020-10-12 07:55:05.650,False,True
176343654,0.03288900,28.61400000,197110526,197110526,2020-10-12 07:55:06.698,False,True
176343655,0.03288900,0.80100000,197110527,197110527,2020-10-12 07:55:06.754,False,True
176343656,0.03288800,10.00000000,197110528,197110528,2020-10-12 07:55:06.889,True,True
176343657,0.03288900,16.39900000,197110529,197110529,2020-10-12 07:55:06.916,False,True
176343658,0.03288900,14.13200000,197110530,197110530,2020-10-12 07:55:07.018,False,True
176343659,0.03288900,14.85000000,197110531,197110531,2020-10-12 07:55:07.138,False,True
176343660,0.03288900,0.45600000,197110532,197110532,2020-10-12 07:55:07.249,False,True
176343661,0.03288900,0.91200000,197110533,197110533,2020-10-12 07:55:07.532,False,True
176343662,0.03288900,13.75200000,197110534,197110534,2020-10-12 07:55:08.056,False,True
176343663,0.03288900,9.09500000,197110535,197110535,2020-10-12 07:55:08.157,False,True
176343664,0.03288900,0.43800000,197110536,197110536,2020-10-12 07:55:08.264,False,True
176343665,0.03288800,0.23000000,197110537,197110537,2020-10-12 07:55:08.908,True,True
176343666,0.03288800,0.15200000,197110538,197110538,2020-10-12 07:55:08.915,True,True
176343667,0.03288800,0.58900000,197110539,197110539,2020-10-12 07:55:09.007,True,True
176343668,0.03288800,3.21100000,197110540,197110540,2020-10-12 07:55:09.633,True,True
176343669,0.03288800,0.13300000,197110541,197110541,2020-10-12 07:55:09.743,True,True
176343670,0.03288900,0.08600000,197110542,197110542,2020-10-12 07:55:11.343,False,True
176343671,0.03288900,0.15100000,197110543,197110543,2020-10-12 07:55:11.888,False,True
176343672,0.03288800,0.02600000,197110544,197110544,2020-10-12 07:55:13.604,True,True
176343673,0.03288800,0.02700000,197110545,197110545,2020-10-12 07:55:13.975,True,True
176343674,0.03288800,0.04300000,197110546,197110546,2020-10-12 07:55:14.641,True,True
176343675,0.03288800,0.32800000,197110547,197110547,2020-10-12 07:55:15.401,True,True
176343676,0.03288800,0.97800000,197110548,197110548,2020-10-12 07:55:24.142,True,True
176343677,0.03288900,0.17400000,197110549,197110549,2020-10-12 07:55:27.739,False,True
176343678,0.03288800,0.26100000,197110550,197110550,2020-10-12 07:55:32.113,True,True
176343679,0.03288800,15.10100000,197110551,197110552,2020-10-12 07:55:32.175,True,True
176343680,0.03288700,1.00000000,197110553,197110553,2020-10-12 07:55:34.426,True,True
176343681,0.03288600,1.94500000,197110554,197110554,2020-10-12 07:55:34.627,True,True
176343682,0.03288600,0.27000000,197110555,197110555,2020-10-12 07:55:40.130,True,True
176343683,0.03288600,0.26800000,197110556,197110556,2020-10-12 07:55:42.126,True,True
176343684,0.03288600,0.26800000,197110557,197110557,2020-10-12 07:55:43.126,True,True
176343685,0.03288700,0.40100000,197110558,197110558,2020-10-12 07:55:48.663,False,True
176343686,0.03288600,0.19400000,197110559,197110559,2020-10-12 07:55:53.073,True,True
176343687,0.03288400,0.25800000,197110560,197110560,2020-10-12 07:55:58.682,True,True
176343688,0.03288500,0.01900000,197110561,197110561,2020-10-12 07:56:00.315,False,True
176343689,0.03288400,1.80000000,197110562,197110562,2020-10-12 07:56:01.458,True,True
176343690,0.03288400,1.82200000,197110563,197110564,2020-10-12 07:56:02.076,True,True
176343691,0.03288300,0.05000000,197110565,197110565,2020-10-12 07:56:02.108,True,True
176343692,0.03288200,7.95000000,197110566,197110566,2020-10-12 07:56:02.108,True,True
176343693,0.03288400,1.00000000,197110567,197110567,2020-10-12 07:56:02.167,True,True
176343694,0.03288400,0.15800000,197110568,197110568,2020-10-12 07:56:04.269,False,True
176343695,0.03288400,0.46600000,197110569,197110569,2020-10-12 07:56:04.598,False,True
176343696,0.03288700,0.38500000,197110570,197110570,2020-10-12 07:56:19.249,True,True
176343697,0.03288700,0.51100000,197110571,197110571,2020-10-12 07:56:22.537,True,True
176343698,0.03288800,15.80200000,197110572,197110573,2020-10-12 07:56:23.002,False,True
176343699,0.03288800,5.31700000,197110574,197110574,2020-10-12 07:56:23.099,False,True
176343700,0.03288800,10.76800000,197110575,197110575,2020-10-12 07:56:23.205,False,True
176343701,0.03288800,13.23200000,197110576,197110576,2020-10-12 07:56:23.308,False,True
176343702,0.03288700,3.00000000,197110577,197110578,2020-10-12 07:56:23.797,True,True
176343703,0.03288800,0.72300000,197110579,197110579,2020-10-12 07:56:24.791,False,True
176343704,0.03288900,8.03400000,197110580,197110580,2020-10-12 07:56:25.116,False,True
176343705,0.03288900,0.60900000,197110581,197110581,2020-10-12 07:56:25.853,False,True
176343706,0.03288900,0.93100000,197110582,197110582,2020-10-12 07:56:26.801,False,True
176343707,0.03288900,0.38500000,197110583,197110583,2020-10-12 07:56:27.424,False,True
176343708,0.03288900,0.08100000,197110584,197110584,2020-10-12 07:56:27.522,False,True
176343709,0.03288900,0.30500000,197110585,197110585,2020-10-12 07:56:28.267,False,True
176343710,0.03288900,0.44100000,197110586,197110586,2020-10-12 07:56:28.472,False,True
176343711,0.03288900,0.03600000,197110587,197110587,2020-10-12 07:56:29.486,False,True
176343712,0.03288900,15.66300000,197110588,197110588,2020-10-12 07:56:29.627,False,True
176343713,0.03288900,9.09500000,197110589,197110589,2020-10-12 07:56:29.836,False,True
176343714,0.03288900,14.53400000,197110590,197110590,2020-10-12 07:56:30.161,False,True
176343715,0.03288900,4.00000000,197110591,197110591,2020-10-12 07:56:30.295,False,True
176343716,0.03288900,15.29600000,197110592,197110592,2020-10-12 07:56:30.389,False,True
176343717,0.03288900,0.39800000,197110593,197110593,2020-10-12 07:56:30.476,False,True
176343718,0.03288900,0.39800000,197110594,197110594,2020-10-12 07:56:30.576,False,True
176343719,0.03288800,17.42400000,197110595,197110596,2020-10-12 07:56:30.728,True,True
176343720,0.03288900,0.30400000,197110597,197110597,2020-10-12 07:56:32.608,False,True
176343721,0.03288900,0.15100000,197110598,197110598,2020-10-12 07:56:32.857,False,True
176343722,0.03288900,0.10800000,197110599,197110599,2020-10-12 07:56:34.213,False,True
176343723,0.03288900,4.72300000,197110600,197110600,2020-10-12 07:56:34.913,False,True
176343724,0.03288800,0.00500000,197110601,197110601,2020-10-12 07:56:40.366,True,True
176343725,0.03288900,3.08800000,197110602,197110602,2020-10-12 07:56:51.927,False,True
176343726,0.03288900,0.11300000,197110603,197110603,2020-10-12 07:57:10.793,False,True
176343727,0.03288900,0.11300000,197110604,197110604,2020-10-12 07:57:10.810,False,True
176343728,0.03288900,0.02600000,197110605,197110605,2020-10-12 07:57:12.176,False,True
176343729,0.03288900,0.04300000,197110606,197110606,2020-10-12 07:57:13.080,False,True
176343730,0.03288800,0.15200000,197110607,197110607,2020-10-12 07:57:22.369,True,True
176343731,0.03288800,0.84300000,197110608,197110608,2020-10-12 07:57:22.467,True,True
176343732,0.03288600,0.29000000,197110609,197110609,2020-10-12 07:57:27.482,True,True
176343733,0.03288700,8.96700000,197110610,197110610,2020-10-12 07:57:32.733,False,True
176343734,0.03288700,0.46200000,197110611,197110611,2020-10-12 07:57:32.839,False,True
176343735,0.03288700,0.40600000,197110612,197110612,2020-10-12 07:57:58.142,False,True
176343736,0.03288700,0.04300000,197110613,197110613,2020-10-12 07:58:00.520,False,True
176343737,0.03288600,0.02200000,197110614,197110614,2020-10-12 07:58:04.338,True,True
176343738,0.03288700,5.06400000,197110615,197110616,2020-10-12 07:58:05.355,False,True
176343739,0.03288700,5.06200000,197110617,197110617,2020-10-12 07:58:07.359,False,True
176343740,0.03288700,5.06200000,197110618,197110618,2020-10-12 07:58:08.359,False,True
176343741,0.03288700,0.04300000,197110619,197110619,2020-10-12 07:58:08.897,False,True
176343742,0.03288700,1.93600000,197110620,197110620,2020-10-12 07:58:10.304,False,True
176343743,0.03288700,0.04400000,197110621,197110621,2020-10-12 07:58:11.008,False,True
176343744,0.03288600,0.68800000,197110622,197110622,2020-10-12 07:58:19.226,True,True
176343745,0.03288100,0.31200000,197110623,197110624,2020-10-12 07:58:19.226,True,True
176343746,0.03288500,0.04100000,197110625,197110625,2020-10-12 07:58:23.374,True,True
176343747,0.03288600,0.00400000,197110626,197110626,2020-10-12 07:58:35.826,False,True
176343748,0.03288600,7.29800000,197110627,197110629,2020-10-12 07:58:43.068,True,True
176343749,0.03288500,23.95900000,197110630,197110630,2020-10-12 07:58:43.068,True,True
176343750,0.03288300,0.18100000,197110631,197110631,2020-10-12 07:58:43.068,True,True
176343751,0.03288100,4.00400000,197110632,197110633,2020-10-12 07:58:43.068,True,True
176343752,0.03288000,80.00000000,197110634,197110635,2020-10-12 07:58:43.068,True,True
176343753,0.03287700,1.75700000,197110636,197110637,2020-10-12 07:58:43.068,True,True
176343754,0.03287600,5.34600000,197110638,197110638,2020-10-12 07:58:43.068,True,True
176343755,0.03287500,22.87600000,197110639,197110643,2020-10-12 07:58:43.068,True,True
176343756,0.03287400,18.71400000,197110644,197110645,2020-10-12 07:58:43.068,True,True
176343757,0.03287300,6.37400000,197110646,197110647,2020-10-12 07:58:43.068,True,True
176343758,0.03287200,24.03900000,197110648,197110651,2020-10-12 07:58:43.068,True,True
176343759,0.03287100,6.08200000,197110652,197110652,2020-10-12 07:58:43.068,True,True
176343760,0.03287000,6.08600000,197110653,197110654,2020-10-12 07:58:43.068,True,True
176343761,0.03287000,56.79100000,197110655,197110655,2020-10-12 07:58:43.085,False,True
176343762,0.03287000,0.37500000,197110656,197110656,2020-10-12 07:58:43.137,False,True
176343763,0.03287000,2.72700000,197110657,197110657,2020-10-12 07:58:43.213,False,True
176343764,0.03287000,2.05600000,197110658,197110658,2020-10-12 07:58:43.324,False,True
176343765,0.03287000,2.04600000,197110659,197110659,2020-10-12 07:58:43.434,False,True
176343766,0.03287000,11.73800000,197110660,197110660,2020-10-12 07:58:43.525,False,True
176343767,0.03287000,10.49800000,197110661,197110661,2020-10-12 07:58:44.124,False,True
176343768,0.03287000,1.82500000,197110662,197110662,2020-10-12 07:58:44.274,False,True
176343769,0.03287000,0.91300000,197110663,197110663,2020-10-12 07:58:44.373,False,True
176343770,0.03287000,0.69600000,197110664,197110664,2020-10-12 07:58:44.489,False,True
176343771,0.03287000,14.69400000,197110665,197110665,2020-10-12 07:58:44.611,False,True
176343772,0.03287000,0.18200000,197110666,197110666,2020-10-12 07:58:44.698,False,True
176343773,0.03287000,15.83000000,197110667,197110667,2020-10-12 07:58:44.815,False,True
176343774,0.03287000,15.78600000,197110668,197110668,2020-10-12 07:58:45.018,False,True
176343775,0.03287000,16.55100000,197110669,197110669,2020-10-12 07:58:45.174,False,True
176343776,0.03287000,14.70100000,197110670,197110670,2020-10-12 07:58:45.320,False,True
176343777,0.03287000,3.83900000,197110671,197110671,2020-10-12 07:58:45.427,False,True
176343778,0.03287000,0.00400000,197110672,197110672,2020-10-12 07:58:45.655,False,True
176343779,0.03287000,4.00000000,197110673,197110673,2020-10-12 07:58:46.690,False,True
176343780,0.03287000,14.37600000,197110674,197110674,2020-10-12 07:58:46.792,False,True
176343781,0.03287000,8.48000000,197110675,197110675,2020-10-12 07:58:46.919,False,True
176343782,0.03287000,14.23600000,197110676,197110676,2020-10-12 07:58:47.109,False,True
176343783,0.03287000,5.00000000,197110677,197110677,2020-10-12 07:58:47.208,False,True
176343784,0.03287000,4.00000000,197110678,197110678,2020-10-12 07:58:47.322,False,True
176343785,0.03287000,4.00000000,197110679,197110679,2020-10-12 07:58:47.424,False,True
176343786,0.03287000,16.18400000,197110680,197110680,2020-10-12 07:58:47.532,False,True
176343787,0.03287000,9.00000000,197110681,197110681,2020-10-12 07:58:47.651,False,True
176343788,0.03287000,15.67400000,197110682,197110682,2020-10-12 07:58:47.735,False,True
176343789,0.03287000,4.00000000,197110683,197110683,2020-10-12 07:58:47.844,False,True
176343790,0.03287000,4.78400000,197110684,197110684,2020-10-12 07:58:47.949,False,True
176343791,0.03287000,9.00000000,197110685,197110685,2020-10-12 07:58:48.138,False,True
176343792,0.03287000,16.37800000,197110686,197110686,2020-10-12 07:58:48.457,False,True
176343793,0.03287000,16.36500000,197110687,197110687,2020-10-12 07:58:48.566,False,True
176343794,0.03287000,15.31600000,197110688,197110688,2020-10-12 07:58:48.664,False,True
176343795,0.03286900,0.12100000,197110689,197110689,2020-10-12 07:58:48.748,True,True
176343796,0.03287000,15.60400000,197110690,197110690,2020-10-12 07:58:48.769,False,True
176343797,0.03287000,3.52800000,197110691,197110691,2020-10-12 07:58:48.879,False,True
176343798,0.03287000,12.60100000,197110692,197110692,2020-10-12 07:58:49.095,False,True
176343799,0.03287000,14.24900000,197110693,197110693,2020-10-12 07:58:49.201,False,True
176343800,0.03287000,16.52900000,197110694,197110694,2020-10-12 07:58:49.302,False,True
176343801,0.03287000,15.66500000,197110695,197110695,2020-10-12 07:58:49.403,False,True
176343802,0.03287000,13.96100000,197110696,197110696,2020-10-12 07:58:49.509,False,True
176343803,0.03287000,10.09600000,197110697,197110697,2020-10-12 07:58:49.622,False,True
176343804,0.03287000,15.11000000,197110698,197110698,2020-10-12 07:58:49.765,False,True
176343805,0.03287000,15.62800000,197110699,197110699,2020-10-12 07:58:49.839,False,True
176343806,0.03287000,16.22100000,197110700,197110700,2020-10-12 07:58:49.952,False,True
176343807,0.03287000,15.09000000,197110701,197110701,2020-10-12 07:58:50.064,False,True
176343808,0.03287000,0.13300000,197110702,197110702,2020-10-12 07:58:50.077,False,True
176343809,0.03287000,16.35300000,197110703,197110703,2020-10-12 07:58:50.153,False,True
176343810,0.03287000,11.76200000,197110704,197110704,2020-10-12 07:58:50.250,False,True
176343811,0.03287000,0.96500000,197110705,197110705,2020-10-12 07:58:50.364,False,True
176343812,0.03287000,14.13500000,197110706,197110706,2020-10-12 07:58:50.576,False,True
176343813,0.03287000,16.04800000,197110707,197110707,2020-10-12 07:58:50.677,False,True
176343814,0.03287000,0.21500000,197110708,197110708,2020-10-12 07:58:50.678,False,True
176343815,0.03287000,14.31600000,197110709,197110709,2020-10-12 07:58:50.777,False,True
176343816,0.03287000,11.55200000,197110710,197110710,2020-10-12 07:58:51.078,False,True
176343817,0.03287000,0.25900000,197110711,197110711,2020-10-12 07:58:51.952,False,True
176343818,0.03287000,14.44600000,197110712,197110712,2020-10-12 07:58:52.031,False,True
176343819,0.03287000,16.28000000,197110713,197110713,2020-10-12 07:58:52.141,False,True
176343820,0.03287000,17.57300000,197110714,197110714,2020-10-12 07:58:52.180,False,True
176343821,0.03287000,13.90400000,197110715,197110715,2020-10-12 07:58:52.239,False,True
176343822,0.03287000,16.43900000,197110716,197110716,2020-10-12 07:58:52.346,False,True
176343823,0.03287000,13.71300000,197110717,197110717,2020-10-12 07:58:52.450,False,True
176343824,0.03287000,0.23700000,197110718,197110718,2020-10-12 07:58:52.504,False,True
176343825,0.03287000,5.63500000,197110719,197110719,2020-10-12 07:58:52.553,False,True
176343826,0.03287000,0.00600000,197110720,197110720,2020-10-12 07:58:52.610,False,True
176343827,0.03287000,2.67000000,197110721,197110721,2020-10-12 07:58:52.759,False,True
176343828,0.03287000,15.60300000,197110722,197110722,2020-10-12 07:58:52.965,False,True
176343829,0.03287000,14.44500000,197110723,197110723,2020-10-12 07:58:53.269,False,True
176343830,0.03287000,9.00000000,197110724,197110724,2020-10-12 07:58:53.587,False,True
176343831,0.03287000,0.17300000,197110725,197110725,2020-10-12 07:58:53.791,False,True
176343832,0.03287000,3.51800000,197110726,197110726,2020-10-12 07:58:53.797,False,True
176343833,0.03287000,0.00500000,197110727,197110727,2020-10-12 07:58:54.154,False,True
176343834,0.03287000,18.75000000,197110728,197110728,2020-10-12 07:58:54.192,False,True
176343835,0.03287000,18.75000000,197110729,197110729,2020-10-12 07:58:54.204,False,True
176343836,0.03287000,30.07000000,197110730,197110730,2020-10-12 07:58:54.205,False,True
176343837,0.03287300,0.28100000,197110731,197110731,2020-10-12 07:58:54.228,False,True
176343838,0.03287500,0.00400000,197110732,197110732,2020-10-12 07:58:54.249,False,True
176343839,0.03287800,7.99600000,197110733,197110733,2020-10-12 07:58:54.249,False,True
176343840,0.03287800,1.12400000,197110734,197110734,2020-10-12 07:58:54.277,False,True
176343841,0.03287700,0.18200000,197110735,197110735,2020-10-12 07:58:54.308,False,True
176343842,0.03287800,4.06700000,197110736,197110736,2020-10-12 07:58:54.308,False,True
176343843,0.03288000,1.00000000,197110737,197110737,2020-10-12 07:58:55.133,True,True
176343844,0.03288100,0.00400000,197110738,197110738,2020-10-12 07:58:55.800,False,True
176343845,0.03288600,0.00400000,197110739,197110739,2020-10-12 07:58:55.800,False,True
176343846,0.03288800,0.25000000,197110740,197110741,2020-10-12 07:58:55.800,False,True
176343847,0.03288700,0.17300000,197110742,197110742,2020-10-12 07:58:57.230,False,True
176343848,0.03288500,0.31200000,197110743,197110743,2020-10-12 07:58:57.593,False,True
176343849,0.03288500,0.00700000,197110744,197110744,2020-10-12 07:58:57.844,False,True
176343850,0.03288400,0.17000000,197110745,197110745,2020-10-12 07:58:59.286,True,True
176343851,0.03288600,0.01200000,197110746,197110746,2020-10-12 07:59:03.739,True,True
176343852,0.03288700,0.00900000,197110747,197110747,2020-10-12 07:59:04.904,False,True
176343853,0.03288800,0.04900000,197110748,197110748,2020-10-12 07:59:04.904,False,True
176343854,0.03288700,1.00000000,197110749,197110749,2020-10-12 07:59:06.782,True,True
176343855,0.03288700,0.10000000,197110750,197110750,2020-10-12 07:59:07.993,True,True
176343856,0.03288700,0.90000000,197110751,197110751,2020-10-12 07:59:08.268,True,True
176343857,0.03288600,0.90800000,197110752,197110752,2020-10-12 07:59:10.994,True,True
176343858,0.03288600,0.09200000,197110753,197110753,2020-10-12 07:59:11.299,True,True
176343859,0.03288600,1.00000000,197110754,197110754,2020-10-12 07:59:11.432,True,True
176343860,0.03288500,10.87400000,197110755,197110755,2020-10-12 07:59:11.535,True,True
176343861,0.03288500,0.35300000,197110756,197110756,2020-10-12 07:59:11.641,True,True
176343862,0.03288500,13.77300000,197110757,197110758,2020-10-12 07:59:11.738,True,True
176343863,0.03288600,0.03300000,197110759,197110759,2020-10-12 07:59:13.246,False,True
176343864,0.03288600,0.15200000,197110760,197110760,2020-10-12 07:59:13.249,False,True
176343865,0.03288600,0.22800000,197110761,197110761,2020-10-12 07:59:15.654,False,True
176343866,0.03288600,13.91600000,197110762,197110762,2020-10-12 07:59:19.337,False,True
176343867,0.03288600,0.00600000,197110763,197110763,2020-10-12 07:59:20.565,True,True
176343868,0.03288600,0.99400000,197110764,197110764,2020-10-12 07:59:22.074,True,True
176343869,0.03288500,16.46400000,197110765,197110765,2020-10-12 07:59:22.192,True,True
176343870,0.03288400,7.53600000,197110766,197110766,2020-10-12 07:59:22.285,True,True
176343871,0.03288500,0.04300000,197110767,197110767,2020-10-12 07:59:22.863,False,True
176343872,0.03288500,0.03500000,197110768,197110768,2020-10-12 07:59:23.874,False,True
176343873,0.03288600,0.05700000,197110769,197110769,2020-10-12 07:59:32.027,False,True
176343874,0.03288500,5.38300000,197110770,197110771,2020-10-12 07:59:32.430,True,True
176343875,0.03288500,0.40700000,197110772,197110772,2020-10-12 07:59:35.556,False,True
176343876,0.03288700,2.99200000,197110773,197110773,2020-10-12 07:59:35.668,False,True
176343877,0.03288400,0.42400000,197110774,197110774,2020-10-12 07:59:36.953,True,True
176343878,0.03288500,0.45300000,197110775,197110775,2020-10-12 07:59:37.905,True,True
176343879,0.03288400,29.40300000,197110776,197110777,2020-10-12 07:59:39.327,True,True
176343880,0.03288200,0.21200000,197110778,197110778,2020-10-12 07:59:39.327,True,True
176343881,0.03288100,4.24700000,197110779,197110781,2020-10-12 07:59:39.327,True,True
176343882,0.03288000,24.00000000,197110782,197110782,2020-10-12 07:59:39.327,True,True
176343883,0.03288000,14.93600000,197110783,197110783,2020-10-12 07:59:39.367,False,True
176343884,0.03288000,0.13500000,197110784,197110784,2020-10-12 07:59:39.679,False,True
176343885,0.03288000,14.67600000,197110785,197110785,2020-10-12 07:59:39.889,False,True
176343886,0.03288000,10.49700000,197110786,197110786,2020-10-12 07:59:39.993,False,True
176343887,0.03287900,0.99900000,197110787,197110787,2020-10-12 07:59:42.888,True,True
176343888,0.03288000,0.43400000,197110788,197110788,2020-10-12 07:59:43.853,False,True
176343889,0.03288000,0.30000000,197110789,197110789,2020-10-12 07:59:47.346,False,True
176343890,0.03288000,0.13700000,197110790,197110790,2020-10-12 07:59:50.082,False,True
176343891,0.03288000,8.01000000,197110791,197110791,2020-10-12 07:59:56.410,False,True
176343892,0.03288000,16.50300000,197110792,197110792,2020-10-12 08:00:01.684,False,True
176343893,0.03288000,0.48100000,197110793,197110793,2020-10-12 08:00:02.602,False,True
176343894,0.03288000,1.03800000,197110794,197110794,2020-10-12 08:00:02.749,False,True
176343895,0.03288000,16.41300000,197110795,197110795,2020-10-12 08:00:02.780,False,True
176343896,0.03288000,0.22400000,197110796,197110796,2020-10-12 08:00:02.862,False,True
176343897,0.03288000,0.34400000,197110797,197110797,2020-10-12 08:00:02.882,False,True
176343898,0.03288000,13.89400000,197110798,197110798,2020-10-12 08:00:02.964,False,True
176343899,0.03288000,15.89300000,197110799,197110799,2020-10-12 08:00:03.116,False,True
176343900,0.03288000,16.21300000,197110800,197110800,2020-10-12 08:00:03.285,False,True
176343901,0.03288000,15.06500000,197110801,197110801,2020-10-12 08:00:03.459,False,True
176343902,0.03288000,14.35400000,197110802,197110802,2020-10-12 08:00:03.611,False,True
176343903,0.03288000,1.63800000,197110803,197110803,2020-10-12 08:00:03.714,False,True
176343904,0.03288000,13.88600000,197110804,197110804,2020-10-12 08:00:03.916,False,True
176343905,0.03288000,16.59800000,197110805,197110805,2020-10-12 08:00:03.996,False,True
176343906,0.03288000,14.46900000,197110806,197110806,2020-10-12 08:00:04.223,False,True
176343907,0.03288000,16.34800000,197110807,197110807,2020-10-12 08:00:04.312,False,True
176343908,0.03288000,14.51300000,197110808,197110808,2020-10-12 08:00:04.406,False,True
176343909,0.03288000,0.08700000,197110809,197110809,2020-10-12 08:00:04.504,False,True
176343910,0.03288000,14.26700000,197110810,197110810,2020-10-12 08:00:04.512,False,True
176343911,0.03288000,0.89300000,197110811,197110811,2020-10-12 08:00:04.644,False,True
176343912,0.03288000,0.05000000,197110812,197110812,2020-10-12 08:00:05.415,False,True
176343913,0.03288000,0.08600000,197110813,197110813,2020-10-12 08:00:07.148,False,True
176343914,0.03288000,14.30100000,197110814,197110814,2020-10-12 08:00:07.258,False,True
176343915,0.03288000,0.25900000,197110815,197110815,2020-10-12 08:00:07.983,False,True
176343916,0.03288000,0.45500000,197110816,197110816,2020-10-12 08:00:08.532,False,True
176343917,0.03287900,0.05000000,197110817,197110817,2020-10-12 08:00:09.677,True,True
176343918,0.03288000,4.65300000,197110818,197110818,2020-10-12 08:00:09.710,False,True
176343919,0.03288000,0.45300000,197110819,197110819,2020-10-12 08:00:09.853,False,True
176343920,0.03288000,6.08300000,197110820,197110820,2020-10-12 08:00:10.807,False,True
176343921,0.03288000,0.08600000,197110821,197110821,2020-10-12 08:00:10.927,False,True
176343922,0.03288000,4.37900000,197110822,197110822,2020-10-12 08:00:12.609,False,True
176343923,0.03288000,2.56700000,197110823,197110823,2020-10-12 08:00:12.619,False,True
176343924,0.03288000,10.00000000,197110824,197110824,2020-10-12 08:00:13.190,False,True
176343925,0.03288000,11.16800000,197110825,197110825,2020-10-12 08:00:13.192,False,True
176343926,0.03288000,5.00000000,197110826,197110826,2020-10-12 08:00:13.474,False,True
176343927,0.03288000,5.00000000,197110827,197110827,2020-10-12 08:00:13.690,False,True
176343928,0.03288000,0.64400000,197110828,197110828,2020-10-12 08:00:13.914,False,True
176343929,0.03288000,14.33900000,197110829,197110829,2020-10-12 08:00:14.189,False,True
176343930,0.03288000,16.16600000,197110830,197110830,2020-10-12 08:00:14.511,False,True
176343931,0.03288000,8.00000000,197110831,197110831,2020-10-12 08:00:14.601,False,True
176343932,0.03288000,2.29000000,197110832,197110832,2020-10-12 08:00:14.616,False,True
176343933,0.03288000,15.99900000,197110833,197110833,2020-10-12 08:00:14.735,False,True
176343934,0.03288000,16.64600000,197110834,197110834,2020-10-12 08:00:14.946,False,True
176343935,0.03288000,0.06500000,197110835,197110835,2020-10-12 08:00:14.992,False,True
176343936,0.03288000,15.12200000,197110836,197110836,2020-10-12 08:00:15.040,False,True
176343937,0.03288000,13.86900000,197110837,197110837,2020-10-12 08:00:15.164,False,True
176343938,0.03288000,4.35600000,197110838,197110838,2020-10-12 08:00:15.250,False,True
176343939,0.03288000,1.01000000,197110839,197110839,2020-10-12 08:00:15.355,False,True
176343940,0.03288000,0.38500000,197110840,197110840,2020-10-12 08:00:15.451,False,True
176343941,0.03288000,14.30700000,197110841,197110841,2020-10-12 08:00:15.558,False,True
176343942,0.03288000,0.10700000,197110842,197110842,2020-10-12 08:00:15.658,False,True
176343943,0.03288000,5.00000000,197110843,197110843,2020-10-12 08:00:15.770,False,True
176343944,0.03288000,0.04500000,197110844,197110844,2020-10-12 08:00:15.872,False,True
176343945,0.03288000,1.28800000,197110845,197110845,2020-10-12 08:00:15.975,False,True
176343946,0.03288000,15.59500000,197110846,197110846,2020-10-12 08:00:16.286,False,True
176343947,0.03288000,0.40900000,197110847,197110847,2020-10-12 08:00:17.031,False,True
176343948,0.03288000,2.89500000,197110848,197110848,2020-10-12 08:00:17.229,False,True
176343949,0.03288000,4.86100000,197110849,197110849,2020-10-12 08:00:17.340,False,True
176343950,0.03288000,8.01500000,197110850,197110850,2020-10-12 08:00:17.448,False,True
176343951,0.03288000,0.06600000,197110851,197110851,2020-10-12 08:00:17.527,False,True
176343952,0.03288000,0.26500000,197110852,197110852,2020-10-12 08:00:17.709,False,True
176343953,0.03288000,16.16300000,197110853,197110853,2020-10-12 08:00:17.807,False,True
176343954,0.03288000,10.37400000,197110854,197110854,2020-10-12 08:00:17.981,False,True
176343955,0.03288000,15.91800000,197110855,197110855,2020-10-12 08:00:18.282,False,True
176343956,0.03288000,14.03100000,197110856,197110856,2020-10-12 08:00:18.405,False,True
176343957,0.03288000,3.60800000,197110857,197110857,2020-10-12 08:00:18.513,False,True
176343958,0.03288000,0.10800000,197110858,197110858,2020-10-12 08:00:18.596,False,True
176343959,0.03288000,12.00000000,197110859,197110859,2020-10-12 08:00:18.636,False,True
176343960,0.03288000,16.32200000,197110860,197110860,2020-10-12 08:00:18.714,False,True
176343961,0.03288000,14.13200000,197110861,197110861,2020-10-12 08:00:18.836,False,True
176343962,0.03288000,0.58700000,197110862,197110862,2020-10-12 08:00:19.040,False,True
176343963,0.03288000,0.10800000,197110863,197110863,2020-10-12 08:00:19.161,False,True
176343964,0.03288000,15.04700000,197110864,197110864,2020-10-12 08:00:19.358,False,True
176343965,0.03288000,14.12900000,197110865,197110865,2020-10-12 08:00:19.445,False,True
176343966,0.03288000,16.06000000,197110866,197110866,2020-10-12 08:00:19.549,False,True
176343967,0.03288000,14.21400000,197110867,197110867,2020-10-12 08:00:19.657,False,True
176343968,0.03288000,5.72600000,197110868,197110868,2020-10-12 08:00:19.945,False,True
176343969,0.03288000,5.72600000,197110869,197110869,2020-10-12 08:00:19.995,False,True
176343970,0.03288000,15.88600000,197110870,197110870,2020-10-12 08:00:20.214,False,True
176343971,0.03288000,0.08600000,197110871,197110871,2020-10-12 08:00:20.289,False,True
176343972,0.03288000,13.92200000,197110872,197110872,2020-10-12 08:00:20.309,False,True
176343973,0.03288000,6.64100000,197110873,197110873,2020-10-12 08:00:20.406,False,True
176343974,0.03288000,8.00000000,197110874,197110874,2020-10-12 08:00:20.994,False,True
176343975,0.03288000,0.44900000,197110875,197110875,2020-10-12 08:00:21.033,False,True
176343976,0.03288000,0.06100000,197110876,197110876,2020-10-12 08:00:21.078,False,True
176343977,0.03288000,0.46500000,197110877,197110877,2020-10-12 08:00:21.130,False,True
176343978,0.03288000,0.91200000,197110878,197110878,2020-10-12 08:00:21.393,False,True
176343979,0.03288000,2.26200000,197110879,197110879,2020-10-12 08:00:21.609,False,True
176343980,0.03288000,0.21600000,197110880,197110880,2020-10-12 08:00:22.069,False,True
176343981,0.03288000,14.07700000,197110881,197110881,2020-10-12 08:00:22.103,False,True
176343982,0.03288000,1.24900000,197110882,197110882,2020-10-12 08:00:22.212,False,True
176343983,0.03288000,16.18800000,197110883,197110883,2020-10-12 08:00:22.425,False,True
176343984,0.03288000,2.70000000,197110884,197110884,2020-10-12 08:00:22.504,False,True
176343985,0.03288000,4.11400000,197110885,197110885,2020-10-12 08:00:22.666,False,True
176343986,0.03288000,0.69700000,197110886,197110886,2020-10-12 08:00:22.827,False,True
176343987,0.03288000,2.66500000,197110887,197110887,2020-10-12 08:00:23.083,False,True
176343988,0.03288000,13.80500000,197110888,197110888,2020-10-12 08:00:23.265,False,True
176343989,0.03288000,0.53900000,197110889,197110889,2020-10-12 08:00:23.379,False,True
176343990,0.03288000,4.24900000,197110890,197110890,2020-10-12 08:00:23.512,False,True
176343991,0.03288500,0.19400000,197110891,197110891,2020-10-12 08:00:25.120,False,True
176343992,0.03288400,0.12900000,197110892,197110892,2020-10-12 08:00:26.879,False,True
176343993,0.03288500,0.04900000,197110893,197110893,2020-10-12 08:00:30.770,False,True
176343994,0.03288600,0.00400000,197110894,197110894,2020-10-12 08:00:31.609,False,True
176343995,0.03288800,0.29500000,197110895,197110895,2020-10-12 08:00:31.609,False,True
176343996,0.03289000,1.30400000,197110896,197110896,2020-10-12 08:00:31.609,False,True
176343997,0.03289100,0.00400000,197110897,197110897,2020-10-12 08:00:39.055,False,True
176343998,0.03289600,0.87900000,197110898,197110898,2020-10-12 08:00:42.809,False,True
176343999,0.03289600,0.12500000,197110899,197110900,2020-10-12 08:00:43.295,False,True
176344000,0.03289600,0.00400000,197110901,197110901,2020-10-12 08:00:47.803,True,True
176344001,0.03289600,0.00300000,197110902,197110902,2020-10-12 08:00:50.516,True,True
176344002,0.03289500,0.00200000,197110903,197110903,2020-10-12 08:00:50.516,True,True
176344003,0.03289800,0.24900000,197110904,197110904,2020-10-12 08:00:50.721,False,True
176344004,0.03289700,2.45700000,197110905,197110905,2020-10-12 08:00:54.525,False,True
176344005,0.03289900,1.44500000,197110906,197110906,2020-10-12 08:00:58.131,False,True
176344006,0.03289700,0.01500000,197110907,197110907,2020-10-12 08:01:05.263,False,True
176344007,0.03289600,1.01800000,197110908,197110909,2020-10-12 08:01:08.024,True,True
176344008,0.03289700,0.05000000,197110910,197110910,2020-10-12 08:01:08.166,False,True
176344009,0.03289500,1.00000000,197110911,197110911,2020-10-12 08:01:08.768,True,True
176344010,0.03289400,8.40700000,197110912,197110912,2020-10-12 08:01:08.873,True,True
176344011,0.03289400,0.01000000,197110913,197110913,2020-10-12 08:01:09.517,True,True
176344012,0.03289400,0.14400000,197110914,197110914,2020-10-12 08:01:09.606,True,True
176344013,0.03289400,0.00400000,197110915,197110915,2020-10-12 08:01:09.885,True,True
176344014,0.03289500,1.00000000,197110916,197110916,2020-10-12 08:01:10.973,True,True
176344015,0.03289600,0.85500000,197110917,197110917,2020-10-12 08:01:14.564,True,True
176344016,0.03289600,0.14500000,197110918,197110918,2020-10-12 08:01:14.729,True,True
176344017,0.03289100,0.00400000,197110919,197110919,2020-10-12 08:01:14.958,True,True
176344018,0.03288600,1.01000000,197110920,197110922,2020-10-12 08:01:14.958,True,True
176344019,0.03288500,0.12600000,197110923,197110923,2020-10-12 08:01:14.958,True,True
176344020,0.03288400,6.86000000,197110924,197110924,2020-10-12 08:01:14.958,True,True
176344021,0.03288400,0.49100000,197110925,197110926,2020-10-12 08:01:15.280,True,True
176344022,0.03288400,0.24300000,197110927,197110927,2020-10-12 08:01:15.467,True,True
176344023,0.03288400,0.24300000,197110928,197110928,2020-10-12 08:01:15.548,True,True
176344024,0.03288400,0.12600000,197110929,197110929,2020-10-12 08:01:20.782,False,True
176344025,0.03288200,9.00000000,197110930,197110930,2020-10-12 08:01:20.928,True,True
176344026,0.03288200,3.52600000,197110931,197110931,2020-10-12 08:01:21.017,True,True
176344027,0.03288200,0.30400000,197110932,197110932,2020-10-12 08:01:21.132,True,True
176344028,0.03288200,3.19100000,197110933,197110933,2020-10-12 08:01:21.707,True,True
176344029,0.03288200,0.98800000,197110934,197110934,2020-10-12 08:01:21.963,True,True
176344030,0.03288200,0.30400000,197110935,197110935,2020-10-12 08:01:22.146,True,True
176344031,0.03288200,1.21600000,197110936,197110936,2020-10-12 08:01:22.703,True,True
176344032,0.03288200,2.93100000,197110937,197110937,2020-10-12 08:01:22.890,True,True
176344033,0.03288200,0.60800000,197110938,197110938,2020-10-12 08:01:23.076,True,True
176344034,0.03288200,1.66500000,197110939,197110939,2020-10-12 08:01:23.423,True,True
176344035,0.03288200,0.26700000,197110940,197110940,2020-10-12 08:01:23.710,True,True
176344036,0.03288100,0.00400000,197110941,197110941,2020-10-12 08:01:23.717,True,True
176344037,0.03287500,0.26300000,197110942,197110943,2020-10-12 08:01:23.717,True,True
176344038,0.03287900,0.01600000,197110944,197110944,2020-10-12 08:01:24.763,False,True
176344039,0.03287900,0.05000000,197110945,197110945,2020-10-12 08:01:25.359,False,True
176344040,0.03287900,0.10300000,197110946,197110946,2020-10-12 08:01:25.483,False,True
176344041,0.03287600,0.00400000,197110947,197110947,2020-10-12 08:01:26.431,True,True
176344042,0.03287700,3.42900000,197110948,197110948,2020-10-12 08:01:31.838,True,True
176344043,0.03288100,0.06600000,197110949,197110950,2020-10-12 08:01:35.049,False,True
176344044,0.03288200,0.10500000,197110951,197110951,2020-10-12 08:01:39.386,False,True
176344045,0.03288100,1.50500000,197110952,197110952,2020-10-12 08:01:42.804,False,True
176344046,0.03287900,0.00400000,197110953,197110953,2020-10-12 08:01:45.412,True,True
176344047,0.03287700,0.06300000,197110954,197110954,2020-10-12 08:01:47.208,True,True
176344048,0.03287600,11.57500000,197110955,197110955,2020-10-12 08:01:49.253,True,True
176344049,0.03287600,8.32300000,197110956,197110956,2020-10-12 08:01:49.453,True,True
176344050,0.03287600,0.95100000,197110957,197110957,2020-10-12 08:01:49.530,True,True
176344051,0.03287600,1.52100000,197110958,197110958,2020-10-12 08:01:49.694,True,True
176344052,0.03287600,0.45900000,197110959,197110959,2020-10-12 08:01:49.952,True,True
176344053,0.03287600,0.45700000,197110960,197110960,2020-10-12 08:01:50.175,True,True
176344054,0.03287500,0.00400000,197110961,197110961,2020-10-12 08:01:50.717,True,True
176344055,0.03287100,6.69100000,197110962,197110962,2020-10-12 08:01:50.937,True,True
176344056,0.03287100,0.29200000,197110963,197110963,2020-10-12 08:01:51.196,True,True
176344057,0.03287100,14.03100000,197110964,197110964,2020-10-12 08:01:51.969,True,True
176344058,0.03287100,3.29000000,197110965,197110966,2020-10-12 08:01:52.125,True,True
176344059,0.03287100,5.21400000,197110967,197110967,2020-10-12 08:01:52.433,True,True
176344060,0.03287200,1.40700000,197110968,197110968,2020-10-12 08:01:52.484,False,True
176344061,0.03287200,1.37700000,197110969,197110969,2020-10-12 08:01:52.675,False,True
176344062,0.03287100,3.22600000,197110970,197110970,2020-10-12 08:01:52.907,True,True
176344063,0.03287200,1.64500000,197110971,197110971,2020-10-12 08:01:52.921,False,True
176344064,0.03287100,0.30400000,197110972,197110972,2020-10-12 08:01:53.073,True,True
176344065,0.03287200,1.15400000,197110973,197110973,2020-10-12 08:01:53.087,False,True
176344066,0.03287100,0.38400000,197110974,197110974,2020-10-12 08:01:53.225,True,True
176344067,0.03287200,1.58100000,197110975,197110975,2020-10-12 08:01:53.261,False,True
176344068,0.03287200,0.02100000,197110976,197110976,2020-10-12 08:01:53.614,False,True
176344069,0.03287200,0.02100000,197110977,197110977,2020-10-12 08:01:53.676,False,True
176344070,0.03287100,9.99600000,197110978,197110978,2020-10-12 08:01:54.411,True,True
176344071,0.03287100,0.48900000,197110979,197110979,2020-10-12 08:01:54.531,True,True
176344072,0.03287200,0.65800000,197110980,197110980,2020-10-12 08:01:54.754,False,True
176344073,0.03287100,5.04300000,197110981,197110982,2020-10-12 08:01:54.839,True,True
176344074,0.03287100,4.97700000,197110983,197110983,2020-10-12 08:01:55.056,True,True
176344075,0.03287100,0.86700000,197110984,197110984,2020-10-12 08:01:56.275,True,True
176344076,0.03287100,0.25000000,197110985,197110985,2020-10-12 08:01:56.485,True,True
176344077,0.03287100,15.12200000,197110986,197110986,2020-10-12 08:01:57.231,True,True
176344078,0.03287100,3.44400000,197110987,197110989,2020-10-12 08:01:57.386,True,True
176344079,0.03287000,3.44400000,197110990,197110991,2020-10-12 08:01:57.506,True,True
176344080,0.03287000,14.14900000,197110992,197110992,2020-10-12 08:01:57.602,True,True
176344081,0.03287000,6.41100000,197110993,197110993,2020-10-12 08:01:57.827,True,True
176344082,0.03286500,0.00400000,197110994,197110994,2020-10-12 08:01:57.838,True,True
176344083,0.03286400,6.40700000,197110995,197110995,2020-10-12 08:01:57.838,True,True
176344084,0.03286800,0.09300000,197110996,197110996,2020-10-12 08:01:58.002,False,True
176344085,0.03286600,8.90000000,197110997,197110997,2020-10-12 08:01:58.008,True,True
176344086,0.03286600,0.26800000,197110998,197110998,2020-10-12 08:01:59.700,True,True
176344087,0.03286800,0.02500000,197110999,197110999,2020-10-12 08:01:59.774,False,True
176344088,0.03286600,0.54400000,197111000,197111000,2020-10-12 08:02:00.083,True,True
176344089,0.03286600,4.53800000,197111001,197111002,2020-10-12 08:02:00.252,True,True
176344090,0.03286600,3.04300000,197111003,197111003,2020-10-12 08:02:00.604,True,True
176344091,0.03286600,0.05000000,197111004,197111004,2020-10-12 08:02:00.632,True,True
176344092,0.03286600,1.63800000,197111005,197111005,2020-10-12 08:02:01.574,True,True
176344093,0.03286600,0.60800000,197111006,197111006,2020-10-12 08:02:01.832,True,True
176344094,0.03286600,0.60800000,197111007,197111007,2020-10-12 08:02:01.854,True,True
176344095,0.03286600,3.16100000,197111008,197111008,2020-10-12 08:02:02.043,True,True
176344096,0.03286600,0.01100000,197111009,197111009,2020-10-12 08:02:02.176,True,True
176344097,0.03286600,0.60900000,197111010,197111010,2020-10-12 08:02:02.265,True,True
176344098,0.03286600,0.60800000,197111011,197111011,2020-10-12 08:02:02.472,True,True
176344099,0.03286600,0.30400000,197111012,197111012,2020-10-12 08:02:02.649,True,True
176344100,0.03286700,1.00000000,197111013,197111013,2020-10-12 08:02:02.949,True,True
176344101,0.03286600,0.18800000,197111014,197111014,2020-10-12 08:02:03.059,True,True
176344102,0.03286600,0.55600000,197111015,197111015,2020-10-12 08:02:03.446,True,True
176344103,0.03286800,0.12800000,197111016,197111016,2020-10-12 08:02:04.415,False,True
176344104,0.03287000,0.24600000,197111017,197111019,2020-10-12 08:02:04.415,False,True
176344105,0.03287100,4.00000000,197111020,197111020,2020-10-12 08:02:04.415,False,True
176344106,0.03287200,0.62600000,197111021,197111021,2020-10-12 08:02:04.415,False,True
176344107,0.03286700,0.14000000,197111022,197111022,2020-10-12 08:02:04.498,True,True
176344108,0.03286700,0.86500000,197111023,197111024,2020-10-12 08:02:07.831,True,True
176344109,0.03286700,1.00000000,197111025,197111025,2020-10-12 08:02:08.290,True,True
176344110,0.03287100,0.05000000,197111026,197111026,2020-10-12 08:02:10.101,True,True
176344111,0.03287300,8.12500000,197111027,197111029,2020-10-12 08:02:11.781,False,True
176344112,0.03287400,15.78800000,197111030,197111030,2020-10-12 08:02:13.601,True,True
176344113,0.03287500,0.00400000,197111031,197111031,2020-10-12 08:02:13.969,False,True
176344114,0.03287600,0.17100000,197111032,197111032,2020-10-12 08:02:13.969,False,True
176344115,0.03287600,0.44900000,197111033,197111033,2020-10-12 08:02:16.184,True,True
176344116,0.03287200,7.71900000,197111034,197111035,2020-10-12 08:02:32.513,False,True
176344117,0.03287200,0.03100000,197111036,197111036,2020-10-12 08:02:34.502,True,True
176344118,0.03287400,6.99500000,197111037,197111039,2020-10-12 08:02:34.665,False,True
176344119,0.03287500,0.56200000,197111040,197111040,2020-10-12 08:02:38.369,False,True
176344120,0.03287500,8.88100000,197111041,197111042,2020-10-12 08:02:39.078,False,True
176344121,0.03287100,0.65600000,197111043,197111043,2020-10-12 08:02:39.522,True,True
176344122,0.03287100,0.47600000,197111044,197111044,2020-10-12 08:02:39.622,True,True
176344123,0.03287100,0.06100000,197111045,197111045,2020-10-12 08:02:40.731,True,True
176344124,0.03287100,0.06100000,197111046,197111046,2020-10-12 08:02:40.732,True,True
176344125,0.03287100,0.06100000,197111047,197111047,2020-10-12 08:02:40.732,True,True
176344126,0.03287100,0.06100000,197111048,197111048,2020-10-12 08:02:40.732,True,True
176344127,0.03287100,0.06100000,197111049,197111049,2020-10-12 08:02:40.732,True,True
176344128,0.03287100,0.06100000,197111050,197111050,2020-10-12 08:02:40.732,True,True
176344129,0.03287100,0.06100000,197111051,197111051,2020-10-12 08:02:40.732,True,True
176344130,0.03287100,0.06100000,197111052,197111052,2020-10-12 08:02:40.732,True,True
176344131,0.03287100,0.06100000,197111053,197111053,2020-10-12 08:02:40.733,True,True
176344132,0.03287100,0.06100000,197111054,197111054,2020-10-12 08:02:40.733,True,True
176344133,0.03287100,0.06100000,197111055,197111055,2020-10-12 08:02:40.733,True,True
176344134,0.03287100,0.06100000,197111056,197111056,2020-10-12 08:02:40.733,True,True
176344135,0.03287100,0.06100000,197111057,197111057,2020-10-12 08:02:40.733,True,True
176344136,0.03287100,0.06100000,197111058,197111058,2020-10-12 08:02:40.733,True,True
176344137,0.03287100,0.06100000,197111059,197111059,2020-10-12 08:02:40.733,True,True
176344138,0.03287100,0.06100000,197111060,197111060,2020-10-12 08:02:40.733,True,True
176344139,0.03287100,0.06100000,197111061,197111061,2020-10-12 08:02:40.734,True,True
176344140,0.03287100,0.06100000,197111062,197111062,2020-10-12 08:02:40.735,True,True
176344141,0.03287100,0.06100000,197111063,197111063,2020-10-12 08:02:40.735,True,True
176344142,0.03287100,0.06100000,197111064,197111064,2020-10-12 08:02:40.735,True,True
176344143,0.03287100,0.06100000,197111065,197111065,2020-10-12 08:02:40.735,True,True
176344144,0.03287100,0.06100000,197111066,197111066,2020-10-12 08:02:40.735,True,True
176344145,0.03287100,0.06100000,197111067,197111067,2020-10-12 08:02:40.736,True,True
176344146,0.03287100,0.06100000,197111068,197111068,2020-10-12 08:02:40.737,True,True
176344147,0.03287100,0.06100000,197111069,197111069,2020-10-12 08:02:40.737,True,True
176344148,0.03287100,0.06100000,197111070,197111070,2020-10-12 08:02:40.737,True,True
176344149,0.03287100,0.06100000,197111071,197111071,2020-10-12 08:02:40.737,True,True
176344150,0.03287100,0.05000000,197111072,197111072,2020-10-12 08:02:40.738,True,True
176344151,0.03287000,0.01100000,197111073,197111073,2020-10-12 08:02:40.738,True,True
176344152,0.03287000,0.06100000,197111074,197111074,2020-10-12 08:02:40.738,True,True
176344153,0.03287000,0.06100000,197111075,197111075,2020-10-12 08:02:40.739,True,True
176344154,0.03287000,0.06100000,197111076,197111076,2020-10-12 08:02:40.739,True,True
176344155,0.03287000,0.06100000,197111077,197111077,2020-10-12 08:02:40.739,True,True
176344156,0.03287000,0.06100000,197111078,197111078,2020-10-12 08:02:40.739,True,True
176344157,0.03287000,0.06100000,197111079,197111079,2020-10-12 08:02:40.739,True,True
176344158,0.03287000,0.06100000,197111080,197111080,2020-10-12 08:02:40.739,True,True
176344159,0.03287000,0.06100000,197111081,197111081,2020-10-12 08:02:40.739,True,True
176344160,0.03287000,0.06100000,197111082,197111082,2020-10-12 08:02:40.739,True,True
176344161,0.03287000,0.06100000,197111083,197111083,2020-10-12 08:02:40.739,True,True
176344162,0.03287000,0.06100000,197111084,197111084,2020-10-12 08:02:40.740,True,True
176344163,0.03287000,0.06100000,197111085,197111085,2020-10-12 08:02:40.740,True,True
176344164,0.03287000,0.06100000,197111086,197111086,2020-10-12 08:02:40.740,True,True
176344165,0.03287000,0.06100000,197111087,197111087,2020-10-12 08:02:40.740,True,True
176344166,0.03287000,0.06100000,197111088,197111088,2020-10-12 08:02:40.741,True,True
176344167,0.03287000,0.80700000,197111089,197111089,2020-10-12 08:02:40.742,True,True
176344168,0.03287000,0.06100000,197111090,197111090,2020-10-12 08:02:40.742,True,True
176344169,0.03287000,0.06100000,197111091,197111091,2020-10-12 08:02:40.744,True,True
176344170,0.03287000,0.30200000,197111092,197111092,2020-10-12 08:02:40.784,True,True
176344171,0.03287100,0.15100000,197111093,197111093,2020-10-12 08:02:50.143,False,True
176344172,0.03287000,0.00400000,197111094,197111094,2020-10-12 08:02:52.064,True,True
176344173,0.03286500,0.00400000,197111095,197111095,2020-10-12 08:02:52.064,True,True
176344174,0.03286400,0.01000000,197111096,197111096,2020-10-12 08:02:52.064,True,True
176344175,0.03286900,0.38800000,197111097,197111097,2020-10-12 08:02:55.843,False,True
176344176,0.03287000,2.72400000,197111098,197111099,2020-10-12 08:02:55.843,False,True
176344177,0.03287100,14.27400000,197111100,197111100,2020-10-12 08:02:55.843,False,True
176344178,0.03287000,0.58000000,197111101,197111101,2020-10-12 08:03:00.983,False,True
176344179,0.03287000,0.31600000,197111102,197111102,2020-10-12 08:03:01.706,False,True
176344180,0.03287000,0.03700000,197111103,197111103,2020-10-12 08:03:03.848,False,True
176344181,0.03287000,0.05600000,197111104,197111104,2020-10-12 08:03:03.970,False,True
176344182,0.03287000,0.08000000,197111105,197111105,2020-10-12 08:03:04.162,False,True
176344183,0.03287000,0.06600000,197111106,197111106,2020-10-12 08:03:05.160,False,True
176344184,0.03286900,0.06200000,197111107,197111107,2020-10-12 08:03:10.094,True,True
176344185,0.03287200,0.05000000,197111108,197111108,2020-10-12 08:03:12.378,False,True
176344186,0.03287100,0.01000000,197111109,197111109,2020-10-12 08:03:24.314,False,True
176344187,0.03286900,0.08800000,197111110,197111110,2020-10-12 08:03:25.206,True,True
176344188,0.03287100,0.00400000,197111111,197111111,2020-10-12 08:03:29.267,False,True
176344189,0.03287100,0.46200000,197111112,197111113,2020-10-12 08:03:34.043,False,True
176344190,0.03287500,0.21300000,197111114,197111115,2020-10-12 08:03:56.650,False,True
176344191,0.03287700,0.01800000,197111116,197111116,2020-10-12 08:03:58.409,False,True
176344192,0.03287600,0.10700000,197111117,197111117,2020-10-12 08:03:58.842,True,True
176344193,0.03287600,0.18800000,197111118,197111118,2020-10-12 08:04:02.295,True,True
176344194,0.03287700,0.66600000,197111119,197111119,2020-10-12 08:04:07.970,False,True
176344195,0.03287700,0.69800000,197111120,197111120,2020-10-12 08:04:10.882,False,True
176344196,0.03287700,0.03600000,197111121,197111121,2020-10-12 08:04:11.366,False,True
176344197,0.03287700,0.02300000,197111122,197111122,2020-10-12 08:04:12.294,False,True
176344198,0.03287600,0.05000000,197111123,197111123,2020-10-12 08:04:12.662,True,True
